artist_name,artist_image_url,track_name,track_id,album_name,album_id,album_artwork_url,genres,release_date,popularity,explicit,danceability,energy,key,loudness,mode,speechiness,acousticness,instrumentalness,liveness,valence,tempo,time_signature,featured_artists,type,duration,year,month,day_of_the_week
"Tyler, the Creator",https://i.scdn.co/image/ab6761610000e5ebdfa2b0c7544a772042a12e52,St. Chroma (feat. Daniel Caesar),1QoyuMHNBe7lg3YW4Qtll4,CHROMAKOPIA,0U28P0QVB1QRxpqp5IHOlH,https://i.scdn.co/image/ab67616d0000b273232374a6a869e62826f3f1f7,"['hip hop', 'rap']",2024-10-28,87,True,0.576,0.884,0,-5.058,1,0.555,0.357,0.0,0.368,0.373,150.45,4,"['Tyler, The Creator', 'Daniel Caesar']",track,197019,2024,10,Monday
"Tyler, the Creator",https://i.scdn.co/image/ab6761610000e5ebdfa2b0c7544a772042a12e52,Rah Tah Tah,5RePVWy39tLpHH0WwXgBsK,CHROMAKOPIA,0U28P0QVB1QRxpqp5IHOlH,https://i.scdn.co/image/ab67616d0000b273232374a6a869e62826f3f1f7,"['hip hop', 'rap']",2024-10-28,85,True,0.661,0.878,1,-4.099,1,0.31,0.00289,0.0,0.381,0.514,82.557,4,"['Tyler, The Creator']",track,165412,2024,10,Monday
"Tyler, the Creator",https://i.scdn.co/image/ab6761610000e5ebdfa2b0c7544a772042a12e52,Noid,1YdtGoSYDvVQKoUqSDXX41,CHROMAKOPIA,0U28P0QVB1QRxpqp5IHOlH,https://i.scdn.co/image/ab67616d0000b273232374a6a869e62826f3f1f7,"['hip hop', 'rap']",2024-10-28,84,True,0.38,0.784,1,-6.004,1,0.299,0.523,0.000139,0.494,0.418,82.318,4,"['Tyler, The Creator']",track,284363,2024,10,Monday
"Tyler, the Creator",https://i.scdn.co/image/ab6761610000e5ebdfa2b0c7544a772042a12e52,"Darling, I (feat. Teezo Touchdown)",0VaeksJaXy5R1nvcTMh3Xk,CHROMAKOPIA,0U28P0QVB1QRxpqp5IHOlH,https://i.scdn.co/image/ab67616d0000b273232374a6a869e62826f3f1f7,"['hip hop', 'rap']",2024-10-28,85,True,0.373,0.818,3,-3.19,0,0.102,0.36,0.0,0.434,0.361,97.571,4,"['Tyler, The Creator', 'Teezo Touchdown']",track,253834,2024,10,Monday
"Tyler, the Creator",https://i.scdn.co/image/ab6761610000e5ebdfa2b0c7544a772042a12e52,Hey Jane,3Umj02ZNl4d356pS1D38mn,CHROMAKOPIA,0U28P0QVB1QRxpqp5IHOlH,https://i.scdn.co/image/ab67616d0000b273232374a6a869e62826f3f1f7,"['hip hop', 'rap']",2024-10-28,83,True,0.495,0.784,10,-7.027,0,0.42,0.555,0.0,0.621,0.669,94.563,4,"['Tyler, The Creator']",track,240742,2024,10,Monday
"Tyler, the Creator",https://i.scdn.co/image/ab6761610000e5ebdfa2b0c7544a772042a12e52,I Killed You,3GdwjAsCsoE79ObhsJFyYb,CHROMAKOPIA,0U28P0QVB1QRxpqp5IHOlH,https://i.scdn.co/image/ab67616d0000b273232374a6a869e62826f3f1f7,"['hip hop', 'rap']",2024-10-28,82,True,0.749,0.896,2,-4.909,1,0.219,0.356,0.00075,0.267,0.447,97.121,4,"['Tyler, The Creator']",track,168420,2024,10,Monday
"Tyler, the Creator",https://i.scdn.co/image/ab6761610000e5ebdfa2b0c7544a772042a12e52,Judge Judy,6ie0uyyvOKTTuIFBMPiNIl,CHROMAKOPIA,0U28P0QVB1QRxpqp5IHOlH,https://i.scdn.co/image/ab67616d0000b273232374a6a869e62826f3f1f7,"['hip hop', 'rap']",2024-10-28,82,True,0.622,0.661,1,-5.906,1,0.0826,0.297,0.000135,0.165,0.362,76.331,4,"['Tyler, The Creator']",track,269622,2024,10,Monday
"Tyler, the Creator",https://i.scdn.co/image/ab6761610000e5ebdfa2b0c7544a772042a12e52,"Sticky (feat. GloRilla, Sexyy Red & Lil Wayne)",3tFed7YsjGnIfxeLEQwx3R,CHROMAKOPIA,0U28P0QVB1QRxpqp5IHOlH,https://i.scdn.co/image/ab67616d0000b273232374a6a869e62826f3f1f7,"['hip hop', 'rap']",2024-10-28,85,True,0.505,0.812,1,-3.986,1,0.461,0.285,0.0,0.444,0.664,80.09,4,"['Tyler, The Creator', 'GloRilla', 'Sexyy Red', 'Lil Wayne']",track,255915,2024,10,Monday
"Tyler, the Creator",https://i.scdn.co/image/ab6761610000e5ebdfa2b0c7544a772042a12e52,Take Your Mask Off (feat. Daniel Caesar & LaToiya Williams),4BSR9I4ExlCJdXJo2GpBD5,CHROMAKOPIA,0U28P0QVB1QRxpqp5IHOlH,https://i.scdn.co/image/ab67616d0000b273232374a6a869e62826f3f1f7,"['hip hop', 'rap']",2024-10-28,82,True,0.503,0.658,6,-5.823,0,0.154,0.46,0.0,0.382,0.515,121.784,5,"['Tyler, The Creator', 'Daniel Caesar', 'LaToiya Williams']",track,253909,2024,10,Monday
"Tyler, the Creator",https://i.scdn.co/image/ab6761610000e5ebdfa2b0c7544a772042a12e52,Tomorrow,3yw3m8wgRB4ptDyAvtdhq5,CHROMAKOPIA,0U28P0QVB1QRxpqp5IHOlH,https://i.scdn.co/image/ab67616d0000b273232374a6a869e62826f3f1f7,"['hip hop', 'rap']",2024-10-28,81,True,0.463,0.541,1,-6.594,1,0.0385,0.811,6.61e-05,0.125,0.307,95.827,4,"['Tyler, The Creator']",track,182326,2024,10,Monday
"Tyler, the Creator",https://i.scdn.co/image/ab6761610000e5ebdfa2b0c7544a772042a12e52,Thought I Was Dead (feat. ScHoolboy Q & Santigold),2aYHxnMF2umAavtgBvmkY1,CHROMAKOPIA,0U28P0QVB1QRxpqp5IHOlH,https://i.scdn.co/image/ab67616d0000b273232374a6a869e62826f3f1f7,"['hip hop', 'rap']",2024-10-28,83,True,0.77,0.859,10,-3.382,0,0.275,0.362,0.0,0.673,0.64,129.77,4,"['Tyler, The Creator', 'ScHoolboy Q', 'Santigold']",track,207272,2024,10,Monday
"Tyler, the Creator",https://i.scdn.co/image/ab6761610000e5ebdfa2b0c7544a772042a12e52,Like Him (feat. Lola Young),6jbYpRPTEFl1HFKHk1IC0m,CHROMAKOPIA,0U28P0QVB1QRxpqp5IHOlH,https://i.scdn.co/image/ab67616d0000b273232374a6a869e62826f3f1f7,"['hip hop', 'rap']",2024-10-28,82,True,0.392,0.555,4,-6.707,0,0.039,0.287,0.000253,0.13,0.191,96.063,3,"['Tyler, The Creator', 'Lola Young']",track,278014,2024,10,Monday
"Tyler, the Creator",https://i.scdn.co/image/ab6761610000e5ebdfa2b0c7544a772042a12e52,Balloon (feat. Doechii),35D1RA5uVFVhMc1qX80TaQ,CHROMAKOPIA,0U28P0QVB1QRxpqp5IHOlH,https://i.scdn.co/image/ab67616d0000b273232374a6a869e62826f3f1f7,"['hip hop', 'rap']",2024-10-28,81,True,0.437,0.868,6,-3.03,1,0.112,0.731,0.0,0.234,0.475,111.774,4,"['Tyler, The Creator', 'Doechii']",track,154261,2024,10,Monday
"Tyler, the Creator",https://i.scdn.co/image/ab6761610000e5ebdfa2b0c7544a772042a12e52,I Hope You Find Your Way Home,0pvZCv4JOS5WBu7JITYef6,CHROMAKOPIA,0U28P0QVB1QRxpqp5IHOlH,https://i.scdn.co/image/ab67616d0000b273232374a6a869e62826f3f1f7,"['hip hop', 'rap']",2024-10-28,79,True,0.621,0.596,4,-4.35,1,0.0607,0.294,5.53e-05,0.134,0.207,112.188,4,"['Tyler, The Creator']",track,269704,2024,10,Monday
"Tyler, the Creator",https://i.scdn.co/image/ab6761610000e5ebdfa2b0c7544a772042a12e52,SIR BAUDELAIRE (feat. DJ Drama),65Cev4uzaAUqfqu0oxepew,CALL ME IF YOU GET LOST: The Estate Sale,1GG6U2SSJPHO6XsFiBzxYv,https://i.scdn.co/image/ab67616d0000b273aa95a399fd30fbb4f6f59fca,"['hip hop', 'rap']",2023-03-31,56,True,0.467,0.635,7,-6.115,1,0.154,0.314,4.16e-06,0.844,0.51,127.596,3,"['Tyler, The Creator', 'DJ Drama']",track,88624,2023,03,Friday
"Tyler, the Creator",https://i.scdn.co/image/ab6761610000e5ebdfa2b0c7544a772042a12e52,CORSO,2M6P0j9uCqFzx8u9P4VxNi,CALL ME IF YOU GET LOST: The Estate Sale,1GG6U2SSJPHO6XsFiBzxYv,https://i.scdn.co/image/ab67616d0000b273aa95a399fd30fbb4f6f59fca,"['hip hop', 'rap']",2023-03-31,57,True,0.703,0.845,10,-4.851,0,0.337,0.169,0.0,0.122,0.745,97.672,4,"['Tyler, The Creator']",track,146481,2023,03,Friday
"Tyler, the Creator",https://i.scdn.co/image/ab6761610000e5ebdfa2b0c7544a772042a12e52,LEMONHEAD (feat. 42 Dugg),000TJlEJQ3nafsm1hBWpoj,CALL ME IF YOU GET LOST: The Estate Sale,1GG6U2SSJPHO6XsFiBzxYv,https://i.scdn.co/image/ab67616d0000b273aa95a399fd30fbb4f6f59fca,"['hip hop', 'rap']",2023-03-31,56,True,0.62,0.586,1,-6.612,1,0.212,0.155,0.0,0.535,0.487,137.131,4,"['Tyler, The Creator', '42 Dugg']",track,130979,2023,03,Friday
"Tyler, the Creator",https://i.scdn.co/image/ab6761610000e5ebdfa2b0c7544a772042a12e52,WUSYANAME (feat. Youngboy Never Broke Again & Ty Dolla $ign),1G3YgeTpECl3LYqFsUfzs5,CALL ME IF YOU GET LOST: The Estate Sale,1GG6U2SSJPHO6XsFiBzxYv,https://i.scdn.co/image/ab67616d0000b273aa95a399fd30fbb4f6f59fca,"['hip hop', 'rap']",2023-03-31,57,True,0.493,0.653,0,-5.666,0,0.0466,0.269,0.0,0.511,0.852,142.347,4,"['Tyler, The Creator', 'YoungBoy Never Broke Again', 'Ty Dolla $ign']",track,121572,2023,03,Friday
"Tyler, the Creator",https://i.scdn.co/image/ab6761610000e5ebdfa2b0c7544a772042a12e52,LUMBERJACK,6cFamI2vPztQoopGMnjD64,CALL ME IF YOU GET LOST: The Estate Sale,1GG6U2SSJPHO6XsFiBzxYv,https://i.scdn.co/image/ab67616d0000b273aa95a399fd30fbb4f6f59fca,"['hip hop', 'rap']",2023-03-31,55,True,0.386,0.762,9,-6.341,1,0.564,0.122,0.0,0.527,0.433,170.691,4,"['Tyler, The Creator']",track,138312,2023,03,Friday
"Tyler, the Creator",https://i.scdn.co/image/ab6761610000e5ebdfa2b0c7544a772042a12e52,HOT WIND BLOWS (feat. Lil Wayne),6kz3FLaVhtcUECyMYR9BCR,CALL ME IF YOU GET LOST: The Estate Sale,1GG6U2SSJPHO6XsFiBzxYv,https://i.scdn.co/image/ab67616d0000b273aa95a399fd30fbb4f6f59fca,"['hip hop', 'rap']",2023-03-31,57,True,0.371,0.75,7,-5.382,0,0.402,0.601,0.0,0.482,0.729,173.456,4,"['Tyler, The Creator', 'Lil Wayne']",track,155292,2023,03,Friday
"Tyler, the Creator",https://i.scdn.co/image/ab6761610000e5ebdfa2b0c7544a772042a12e52,MASSA,3lqIHMPvL6ef6t2xKD8ZVH,CALL ME IF YOU GET LOST: The Estate Sale,1GG6U2SSJPHO6XsFiBzxYv,https://i.scdn.co/image/ab67616d0000b273aa95a399fd30fbb4f6f59fca,"['hip hop', 'rap']",2023-03-31,55,True,0.685,0.855,1,-6.724,0,0.438,0.329,8.9e-05,0.301,0.46,157.181,4,"['Tyler, The Creator']",track,223718,2023,03,Friday
"Tyler, the Creator",https://i.scdn.co/image/ab6761610000e5ebdfa2b0c7544a772042a12e52,RUNITUP (feat. Teezo Touchdown),0lXJL0unztXDdIOXu5xCML,CALL ME IF YOU GET LOST: The Estate Sale,1GG6U2SSJPHO6XsFiBzxYv,https://i.scdn.co/image/ab67616d0000b273aa95a399fd30fbb4f6f59fca,"['hip hop', 'rap']",2023-03-31,54,True,0.665,0.469,10,-7.778,0,0.13,0.565,0.000317,0.219,0.142,115.852,4,"['Tyler, The Creator', 'Teezo Touchdown']",track,229564,2023,03,Friday
"Tyler, the Creator",https://i.scdn.co/image/ab6761610000e5ebdfa2b0c7544a772042a12e52,MANIFESTO (feat. Domo Genesis),6FwiflJB4b1v8j3h10e9ZM,CALL ME IF YOU GET LOST: The Estate Sale,1GG6U2SSJPHO6XsFiBzxYv,https://i.scdn.co/image/ab67616d0000b273aa95a399fd30fbb4f6f59fca,"['hip hop', 'rap']",2023-03-31,53,True,0.454,0.866,2,-5.348,1,0.391,0.121,0.0067,0.167,0.518,92.463,4,"['Tyler, The Creator', 'Domo Genesis']",track,175122,2023,03,Friday
"Tyler, the Creator",https://i.scdn.co/image/ab6761610000e5ebdfa2b0c7544a772042a12e52,SWEET / I THOUGHT YOU WANTED TO DANCE (feat. Brent Faiyaz & Fana Hues),0pR5vcd51X9wyACCiolHNR,CALL ME IF YOU GET LOST: The Estate Sale,1GG6U2SSJPHO6XsFiBzxYv,https://i.scdn.co/image/ab67616d0000b273aa95a399fd30fbb4f6f59fca,"['hip hop', 'rap']",2023-03-31,58,True,0.468,0.652,0,-4.912,1,0.0722,0.333,0.000318,0.55,0.39,140.223,4,"['Tyler, The Creator', 'Brent Faiyaz', 'Fana Hues']",track,588139,2023,03,Friday
"Tyler, the Creator",https://i.scdn.co/image/ab6761610000e5ebdfa2b0c7544a772042a12e52,MOMMA TALK,6ZvghXQAXw2W9blIQbBVZW,CALL ME IF YOU GET LOST: The Estate Sale,1GG6U2SSJPHO6XsFiBzxYv,https://i.scdn.co/image/ab67616d0000b273aa95a399fd30fbb4f6f59fca,"['hip hop', 'rap']",2023-03-31,49,True,0.488,0.59,0,-6.319,1,0.247,0.696,0.0,0.661,0.498,96.446,5,"['Tyler, The Creator']",track,70926,2023,03,Friday
"Tyler, the Creator",https://i.scdn.co/image/ab6761610000e5ebdfa2b0c7544a772042a12e52,RISE! (feat. DAISY WORLD),2wQUUYQ4KOeLLuPS5nBBDK,CALL ME IF YOU GET LOST: The Estate Sale,1GG6U2SSJPHO6XsFiBzxYv,https://i.scdn.co/image/ab67616d0000b273aa95a399fd30fbb4f6f59fca,"['hip hop', 'rap']",2023-03-31,53,True,0.766,0.814,2,-3.367,1,0.0733,0.044,1.08e-05,0.195,0.481,108.07,4,"['Tyler, The Creator', 'DAISY WORLD']",track,203588,2023,03,Friday
"Tyler, the Creator",https://i.scdn.co/image/ab6761610000e5ebdfa2b0c7544a772042a12e52,BLESSED,425mJO91gIMWMwEIDCCs1H,CALL ME IF YOU GET LOST: The Estate Sale,1GG6U2SSJPHO6XsFiBzxYv,https://i.scdn.co/image/ab67616d0000b273aa95a399fd30fbb4f6f59fca,"['hip hop', 'rap']",2023-03-31,50,True,0.336,0.613,8,-7.869,1,0.123,0.389,9.99e-05,0.765,0.741,40.319,4,"['Tyler, The Creator']",track,57667,2023,03,Friday
"Tyler, the Creator",https://i.scdn.co/image/ab6761610000e5ebdfa2b0c7544a772042a12e52,JUGGERNAUT (feat. Lil Uzi Vert & Pharrell Williams),5Jue6vup8nHUgXFUGMk478,CALL ME IF YOU GET LOST: The Estate Sale,1GG6U2SSJPHO6XsFiBzxYv,https://i.scdn.co/image/ab67616d0000b273aa95a399fd30fbb4f6f59fca,"['hip hop', 'rap']",2023-03-31,54,True,0.827,0.571,11,-7.949,1,0.366,0.0195,0.0,0.166,0.62,142.034,4,"['Tyler, The Creator', 'Lil Uzi Vert', 'Pharrell Williams']",track,146419,2023,03,Friday
"Tyler, the Creator",https://i.scdn.co/image/ab6761610000e5ebdfa2b0c7544a772042a12e52,WILSHIRE,2z27xc2eCnIZOBtBHuLQEQ,CALL ME IF YOU GET LOST: The Estate Sale,1GG6U2SSJPHO6XsFiBzxYv,https://i.scdn.co/image/ab67616d0000b273aa95a399fd30fbb4f6f59fca,"['hip hop', 'rap']",2023-03-31,53,True,0.555,0.712,1,-7.446,1,0.323,0.0451,5.14e-06,0.182,0.555,78.958,4,"['Tyler, The Creator']",track,515865,2023,03,Friday
"Tyler, the Creator",https://i.scdn.co/image/ab6761610000e5ebdfa2b0c7544a772042a12e52,SAFARI,3yxh6Av2dL0rC99Iz2xZps,CALL ME IF YOU GET LOST: The Estate Sale,1GG6U2SSJPHO6XsFiBzxYv,https://i.scdn.co/image/ab67616d0000b273aa95a399fd30fbb4f6f59fca,"['hip hop', 'rap']",2023-03-31,52,True,0.471,0.71,1,-6.462,0,0.213,0.0618,1.7e-06,0.338,0.599,80.453,4,"['Tyler, The Creator']",track,177742,2023,03,Friday
"Tyler, the Creator",https://i.scdn.co/image/ab6761610000e5ebdfa2b0c7544a772042a12e52,EVERYTHING MUST GO,1Zcr6QZLrQVCriqBoJdqja,CALL ME IF YOU GET LOST: The Estate Sale,1GG6U2SSJPHO6XsFiBzxYv,https://i.scdn.co/image/ab67616d0000b273aa95a399fd30fbb4f6f59fca,"['hip hop', 'rap']",2023-03-31,19,False,0.377,0.448,1,-6.263,1,0.0983,0.806,7.38e-06,0.419,0.287,93.098,5,"['Tyler, The Creator']",track,28428,2023,03,Friday
"Tyler, the Creator",https://i.scdn.co/image/ab6761610000e5ebdfa2b0c7544a772042a12e52,STUNTMAN (feat. Vince Staples),6S4WM9LW6oGkAtBFePffh2,CALL ME IF YOU GET LOST: The Estate Sale,1GG6U2SSJPHO6XsFiBzxYv,https://i.scdn.co/image/ab67616d0000b273aa95a399fd30fbb4f6f59fca,"['hip hop', 'rap']",2023-03-31,57,True,0.731,0.663,1,-7.758,1,0.246,0.0568,0.0,0.781,0.43,95.972,4,"['Tyler, The Creator', 'Vince Staples']",track,199742,2023,03,Friday
"Tyler, the Creator",https://i.scdn.co/image/ab6761610000e5ebdfa2b0c7544a772042a12e52,WHAT A DAY,3v3gyQkwRQGwDUZ7V2q2lF,CALL ME IF YOU GET LOST: The Estate Sale,1GG6U2SSJPHO6XsFiBzxYv,https://i.scdn.co/image/ab67616d0000b273aa95a399fd30fbb4f6f59fca,"['hip hop', 'rap']",2023-03-31,63,True,0.484,0.828,10,-6.29,0,0.258,0.529,0.0,0.163,0.769,88.939,4,"['Tyler, The Creator']",track,216884,2023,03,Friday
"Tyler, the Creator",https://i.scdn.co/image/ab6761610000e5ebdfa2b0c7544a772042a12e52,WHARF TALK (feat. A$AP Rocky),3u9PAti8muEXXvEjeFpQK0,CALL ME IF YOU GET LOST: The Estate Sale,1GG6U2SSJPHO6XsFiBzxYv,https://i.scdn.co/image/ab67616d0000b273aa95a399fd30fbb4f6f59fca,"['hip hop', 'rap']",2023-03-31,65,True,0.788,0.744,11,-6.022,1,0.069,0.189,5.74e-05,0.196,0.681,96.445,4,"['Tyler, The Creator', 'A$AP Rocky']",track,204109,2023,03,Friday
"Tyler, the Creator",https://i.scdn.co/image/ab6761610000e5ebdfa2b0c7544a772042a12e52,DOGTOOTH,6OfOzTitafSnsaunQLuNFw,CALL ME IF YOU GET LOST: The Estate Sale,1GG6U2SSJPHO6XsFiBzxYv,https://i.scdn.co/image/ab67616d0000b273aa95a399fd30fbb4f6f59fca,"['hip hop', 'rap']",2023-03-31,71,True,0.706,0.648,8,-6.348,1,0.324,0.505,0.0,0.215,0.802,77.533,4,"['Tyler, The Creator']",track,161041,2023,03,Friday
"Tyler, the Creator",https://i.scdn.co/image/ab6761610000e5ebdfa2b0c7544a772042a12e52,HEAVEN TO ME,4Z1ZlABSKDlVByJL3y5OVs,CALL ME IF YOU GET LOST: The Estate Sale,1GG6U2SSJPHO6XsFiBzxYv,https://i.scdn.co/image/ab67616d0000b273aa95a399fd30fbb4f6f59fca,"['hip hop', 'rap']",2023-03-31,60,True,0.407,0.932,6,-5.253,1,0.406,0.273,0.0,0.676,0.396,174.849,4,"['Tyler, The Creator']",track,230554,2023,03,Friday
"Tyler, the Creator",https://i.scdn.co/image/ab6761610000e5ebdfa2b0c7544a772042a12e52,"BOYFRIEND, GIRLFRIEND (2020 Demo) (feat. YG)",2sFEmuVVAa2klHwhFaT0rR,CALL ME IF YOU GET LOST: The Estate Sale,1GG6U2SSJPHO6XsFiBzxYv,https://i.scdn.co/image/ab67616d0000b273aa95a399fd30fbb4f6f59fca,"['hip hop', 'rap']",2023-03-31,61,True,0.778,0.847,6,-3.422,0,0.0605,0.421,0.000363,0.35,0.658,109.226,4,"['Tyler, The Creator', 'YG']",track,204364,2023,03,Friday
"Tyler, the Creator",https://i.scdn.co/image/ab6761610000e5ebdfa2b0c7544a772042a12e52,SORRY NOT SORRY,410ZZP746AQeiywhKvXWCo,CALL ME IF YOU GET LOST: The Estate Sale,1GG6U2SSJPHO6XsFiBzxYv,https://i.scdn.co/image/ab67616d0000b273aa95a399fd30fbb4f6f59fca,"['hip hop', 'rap']",2023-03-31,68,True,0.481,0.797,6,-4.094,0,0.201,0.404,0.0,0.368,0.495,96.237,3,"['Tyler, The Creator']",track,206049,2023,03,Friday
"Tyler, the Creator",https://i.scdn.co/image/ab6761610000e5ebdfa2b0c7544a772042a12e52,SIR BAUDELAIRE (feat. DJ Drama),4ydmav4vl7hebadtfZtMrg,CALL ME IF YOU GET LOST,45ba6QAtNrdv6Ke4MFOKk9,https://i.scdn.co/image/ab67616d0000b273696b4e67423edd64784bfbb4,"['hip hop', 'rap']",2021-06-25,64,True,0.467,0.635,7,-6.115,1,0.154,0.314,4.16e-06,0.844,0.51,127.596,3,"['Tyler, The Creator', 'DJ Drama']",track,88624,2021,06,Friday
"Tyler, the Creator",https://i.scdn.co/image/ab6761610000e5ebdfa2b0c7544a772042a12e52,CORSO,46oHvXwpEZOFX518we1nJD,CALL ME IF YOU GET LOST,45ba6QAtNrdv6Ke4MFOKk9,https://i.scdn.co/image/ab67616d0000b273696b4e67423edd64784bfbb4,"['hip hop', 'rap']",2021-06-25,64,True,0.703,0.845,10,-4.851,0,0.337,0.169,0.0,0.122,0.745,97.672,4,"['Tyler, The Creator']",track,146481,2021,06,Friday
"Tyler, the Creator",https://i.scdn.co/image/ab6761610000e5ebdfa2b0c7544a772042a12e52,LEMONHEAD (feat. 42 Dugg),5fbHRCsGpFIOLRtlhCRFDR,CALL ME IF YOU GET LOST,45ba6QAtNrdv6Ke4MFOKk9,https://i.scdn.co/image/ab67616d0000b273696b4e67423edd64784bfbb4,"['hip hop', 'rap']",2021-06-25,62,True,0.62,0.586,1,-6.612,1,0.212,0.155,0.0,0.535,0.487,137.131,4,"['Tyler, The Creator', '42 Dugg']",track,130979,2021,06,Friday
"Tyler, the Creator",https://i.scdn.co/image/ab6761610000e5ebdfa2b0c7544a772042a12e52,WUSYANAME (feat. Youngboy Never Broke Again & Ty Dolla $ign),5B0kgjHULYJhAQkK5XsMoC,CALL ME IF YOU GET LOST,45ba6QAtNrdv6Ke4MFOKk9,https://i.scdn.co/image/ab67616d0000b273696b4e67423edd64784bfbb4,"['hip hop', 'rap']",2021-06-25,74,True,0.493,0.653,0,-5.666,0,0.0466,0.269,0.0,0.511,0.852,142.347,4,"['Tyler, The Creator', 'YoungBoy Never Broke Again', 'Ty Dolla $ign']",track,121572,2021,06,Friday
"Tyler, the Creator",https://i.scdn.co/image/ab6761610000e5ebdfa2b0c7544a772042a12e52,LUMBERJACK,0BiK5BbYNFLb88CCOxBFJe,CALL ME IF YOU GET LOST,45ba6QAtNrdv6Ke4MFOKk9,https://i.scdn.co/image/ab67616d0000b273696b4e67423edd64784bfbb4,"['hip hop', 'rap']",2021-06-25,62,True,0.386,0.762,9,-6.341,1,0.564,0.122,0.0,0.527,0.433,170.691,4,"['Tyler, The Creator']",track,138312,2021,06,Friday
"Tyler, the Creator",https://i.scdn.co/image/ab6761610000e5ebdfa2b0c7544a772042a12e52,HOT WIND BLOWS (feat. Lil Wayne),3JJL91ilRV6fXhKqu0FGXs,CALL ME IF YOU GET LOST,45ba6QAtNrdv6Ke4MFOKk9,https://i.scdn.co/image/ab67616d0000b273696b4e67423edd64784bfbb4,"['hip hop', 'rap']",2021-06-25,69,True,0.371,0.75,7,-5.382,0,0.402,0.601,0.0,0.482,0.729,173.456,4,"['Tyler, The Creator', 'Lil Wayne']",track,155292,2021,06,Friday
"Tyler, the Creator",https://i.scdn.co/image/ab6761610000e5ebdfa2b0c7544a772042a12e52,MASSA,2goHCrsDJaflEwQ930ef0o,CALL ME IF YOU GET LOST,45ba6QAtNrdv6Ke4MFOKk9,https://i.scdn.co/image/ab67616d0000b273696b4e67423edd64784bfbb4,"['hip hop', 'rap']",2021-06-25,61,True,0.685,0.855,1,-6.724,0,0.438,0.329,8.9e-05,0.301,0.46,157.181,4,"['Tyler, The Creator']",track,223718,2021,06,Friday
"Tyler, the Creator",https://i.scdn.co/image/ab6761610000e5ebdfa2b0c7544a772042a12e52,RUNITUP (feat. Teezo Touchdown),13HsOwrwTA5HgLuoaDHncP,CALL ME IF YOU GET LOST,45ba6QAtNrdv6Ke4MFOKk9,https://i.scdn.co/image/ab67616d0000b273696b4e67423edd64784bfbb4,"['hip hop', 'rap']",2021-06-25,62,True,0.665,0.469,10,-7.778,0,0.13,0.565,0.000317,0.219,0.142,115.852,4,"['Tyler, The Creator', 'Teezo Touchdown']",track,229564,2021,06,Friday
"Tyler, the Creator",https://i.scdn.co/image/ab6761610000e5ebdfa2b0c7544a772042a12e52,MANIFESTO (feat. Domo Genesis),6qouBO0wJtYc3k7DfKRUBx,CALL ME IF YOU GET LOST,45ba6QAtNrdv6Ke4MFOKk9,https://i.scdn.co/image/ab67616d0000b273696b4e67423edd64784bfbb4,"['hip hop', 'rap']",2021-06-25,57,True,0.454,0.866,2,-5.348,1,0.391,0.121,0.0067,0.167,0.518,92.463,4,"['Tyler, The Creator', 'Domo Genesis']",track,175122,2021,06,Friday
"Tyler, the Creator",https://i.scdn.co/image/ab6761610000e5ebdfa2b0c7544a772042a12e52,SWEET / I THOUGHT YOU WANTED TO DANCE (feat. Brent Faiyaz & Fana Hues),3EG9FJ0ToLfgnc1IG2Z1wz,CALL ME IF YOU GET LOST,45ba6QAtNrdv6Ke4MFOKk9,https://i.scdn.co/image/ab67616d0000b273696b4e67423edd64784bfbb4,"['hip hop', 'rap']",2021-06-25,74,True,0.468,0.652,0,-4.912,1,0.0722,0.333,0.000318,0.55,0.39,140.223,4,"['Tyler, The Creator', 'Brent Faiyaz', 'Fana Hues']",track,588139,2021,06,Friday
"Tyler, the Creator",https://i.scdn.co/image/ab6761610000e5ebdfa2b0c7544a772042a12e52,MOMMA TALK,2HrRwAKgIzjTeuKoaj4akH,CALL ME IF YOU GET LOST,45ba6QAtNrdv6Ke4MFOKk9,https://i.scdn.co/image/ab67616d0000b273696b4e67423edd64784bfbb4,"['hip hop', 'rap']",2021-06-25,52,True,0.488,0.59,0,-6.319,1,0.247,0.696,0.0,0.661,0.498,96.446,5,"['Tyler, The Creator']",track,70926,2021,06,Friday
"Tyler, the Creator",https://i.scdn.co/image/ab6761610000e5ebdfa2b0c7544a772042a12e52,RISE! (feat. DAISY WORLD),4Hta7Oy5W9HD0UgT1P8PPV,CALL ME IF YOU GET LOST,45ba6QAtNrdv6Ke4MFOKk9,https://i.scdn.co/image/ab67616d0000b273696b4e67423edd64784bfbb4,"['hip hop', 'rap']",2021-06-25,59,True,0.766,0.814,2,-3.367,1,0.0733,0.044,1.08e-05,0.195,0.481,108.07,4,"['Tyler, The Creator', 'DAISY WORLD']",track,203588,2021,06,Friday
"Tyler, the Creator",https://i.scdn.co/image/ab6761610000e5ebdfa2b0c7544a772042a12e52,BLESSED,2X5m6irq8boS50Efx4oWew,CALL ME IF YOU GET LOST,45ba6QAtNrdv6Ke4MFOKk9,https://i.scdn.co/image/ab67616d0000b273696b4e67423edd64784bfbb4,"['hip hop', 'rap']",2021-06-25,55,True,0.336,0.613,8,-7.869,1,0.123,0.389,9.99e-05,0.765,0.741,40.319,4,"['Tyler, The Creator']",track,57667,2021,06,Friday
"Tyler, the Creator",https://i.scdn.co/image/ab6761610000e5ebdfa2b0c7544a772042a12e52,JUGGERNAUT (feat. Lil Uzi Vert & Pharrell Williams),7z4xW9WY86uH3gd1V9pfCM,CALL ME IF YOU GET LOST,45ba6QAtNrdv6Ke4MFOKk9,https://i.scdn.co/image/ab67616d0000b273696b4e67423edd64784bfbb4,"['hip hop', 'rap']",2021-06-25,65,True,0.827,0.571,11,-7.949,1,0.366,0.0195,0.0,0.166,0.62,142.034,4,"['Tyler, The Creator', 'Lil Uzi Vert', 'Pharrell Williams']",track,146419,2021,06,Friday
"Tyler, the Creator",https://i.scdn.co/image/ab6761610000e5ebdfa2b0c7544a772042a12e52,WILSHIRE,1pbbsI2KGPOMu0HmuGccBu,CALL ME IF YOU GET LOST,45ba6QAtNrdv6Ke4MFOKk9,https://i.scdn.co/image/ab67616d0000b273696b4e67423edd64784bfbb4,"['hip hop', 'rap']",2021-06-25,62,True,0.555,0.712,1,-7.446,1,0.323,0.0451,5.14e-06,0.182,0.555,78.958,4,"['Tyler, The Creator']",track,515865,2021,06,Friday
"Tyler, the Creator",https://i.scdn.co/image/ab6761610000e5ebdfa2b0c7544a772042a12e52,SAFARI,09xpQPfKWdio1wx6v17dGa,CALL ME IF YOU GET LOST,45ba6QAtNrdv6Ke4MFOKk9,https://i.scdn.co/image/ab67616d0000b273696b4e67423edd64784bfbb4,"['hip hop', 'rap']",2021-06-25,59,True,0.471,0.71,1,-6.462,0,0.213,0.0618,1.7e-06,0.338,0.599,80.453,4,"['Tyler, The Creator']",track,177742,2021,06,Friday
"Tyler, the Creator",https://i.scdn.co/image/ab6761610000e5ebdfa2b0c7544a772042a12e52,IGOR'S THEME,51RN0kzWd7xeR4th5HsEtW,IGOR,5zi7WsKlIiUXv09tbGLKsE,https://i.scdn.co/image/ab67616d0000b2737005885df706891a3c182a57,"['hip hop', 'rap']",2019-05-17,69,False,0.467,0.672,10,-7.371,0,0.377,0.00559,0.243,0.607,0.0648,163.1,4,"['Tyler, The Creator']",track,200693,2019,05,Friday
"Tyler, the Creator",https://i.scdn.co/image/ab6761610000e5ebdfa2b0c7544a772042a12e52,EARFQUAKE,5hVghJ4KaYES3BFUATCYn0,IGOR,5zi7WsKlIiUXv09tbGLKsE,https://i.scdn.co/image/ab67616d0000b2737005885df706891a3c182a57,"['hip hop', 'rap']",2019-05-17,82,True,0.554,0.498,9,-8.866,1,0.0685,0.23,5.98e-06,0.795,0.413,79.635,4,"['Tyler, The Creator']",track,190066,2019,05,Friday
"Tyler, the Creator",https://i.scdn.co/image/ab6761610000e5ebdfa2b0c7544a772042a12e52,I THINK,4f8Mh5wuWHOsfXtzjrJB3t,IGOR,5zi7WsKlIiUXv09tbGLKsE,https://i.scdn.co/image/ab67616d0000b2737005885df706891a3c182a57,"['hip hop', 'rap']",2019-05-17,73,True,0.826,0.579,8,-8.241,0,0.0801,0.00881,0.0,0.129,0.431,121.075,4,"['Tyler, The Creator']",track,212013,2019,05,Friday
"Tyler, the Creator",https://i.scdn.co/image/ab6761610000e5ebdfa2b0c7544a772042a12e52,EXACTLY WHAT YOU RUN FROM YOU END UP CHASING,5e4LIAQI0bClLazNf2gZV0,IGOR,5zi7WsKlIiUXv09tbGLKsE,https://i.scdn.co/image/ab67616d0000b2737005885df706891a3c182a57,"['hip hop', 'rap']",2019-05-17,15,False,0.0,0.478,11,-16.569,0,0.0,0.927,0.0,0.335,0.0,0.0,0,"['Tyler, The Creator']",track,14626,2019,05,Friday
"Tyler, the Creator",https://i.scdn.co/image/ab6761610000e5ebdfa2b0c7544a772042a12e52,RUNNING OUT OF TIME,5QvBXUm5MglLJ3iBfTX2Wo,IGOR,5zi7WsKlIiUXv09tbGLKsE,https://i.scdn.co/image/ab67616d0000b2737005885df706891a3c182a57,"['hip hop', 'rap']",2019-05-17,74,True,0.36,0.391,6,-10.6,1,0.0528,0.296,0.000406,0.129,0.162,84.281,4,"['Tyler, The Creator']",track,177226,2019,05,Friday
"Tyler, the Creator",https://i.scdn.co/image/ab6761610000e5ebdfa2b0c7544a772042a12e52,NEW MAGIC WAND,0fv2KH6hac06J86hBUTcSf,IGOR,5zi7WsKlIiUXv09tbGLKsE,https://i.scdn.co/image/ab67616d0000b2737005885df706891a3c182a57,"['hip hop', 'rap']",2019-05-17,81,True,0.621,0.73,5,-5.414,0,0.107,0.0967,0.000131,0.673,0.464,139.566,4,"['Tyler, The Creator']",track,195320,2019,05,Friday
"Tyler, the Creator",https://i.scdn.co/image/ab6761610000e5ebdfa2b0c7544a772042a12e52,A BOY IS A GUN*,1nXZnTALNXiPlvXotqHm66,IGOR,5zi7WsKlIiUXv09tbGLKsE,https://i.scdn.co/image/ab67616d0000b2737005885df706891a3c182a57,"['hip hop', 'rap']",2019-05-17,71,True,0.417,0.689,2,-8.302,0,0.178,0.575,0.0,0.496,0.505,79.568,4,"['Tyler, The Creator']",track,210253,2019,05,Friday
"Tyler, the Creator",https://i.scdn.co/image/ab6761610000e5ebdfa2b0c7544a772042a12e52,PUPPET,0wEC0GNF74lAqrEFZJMl1m,IGOR,5zi7WsKlIiUXv09tbGLKsE,https://i.scdn.co/image/ab67616d0000b2737005885df706891a3c182a57,"['hip hop', 'rap']",2019-05-17,70,True,0.508,0.557,8,-8.967,0,0.0478,0.00235,0.0134,0.588,0.199,77.572,4,"['Tyler, The Creator']",track,179013,2019,05,Friday
"Tyler, the Creator",https://i.scdn.co/image/ab6761610000e5ebdfa2b0c7544a772042a12e52,WHAT'S GOOD,6bOkaEXc5CopinGazSLokx,IGOR,5zi7WsKlIiUXv09tbGLKsE,https://i.scdn.co/image/ab67616d0000b2737005885df706891a3c182a57,"['hip hop', 'rap']",2019-05-17,67,True,0.458,0.909,1,-6.553,1,0.487,0.0567,4.26e-06,0.11,0.449,118.227,4,"['Tyler, The Creator']",track,205626,2019,05,Friday
"Tyler, the Creator",https://i.scdn.co/image/ab6761610000e5ebdfa2b0c7544a772042a12e52,"GONE, GONE / THANK YOU",1hz7SRTGUNAtIQ46qiNv2p,IGOR,5zi7WsKlIiUXv09tbGLKsE,https://i.scdn.co/image/ab67616d0000b2737005885df706891a3c182a57,"['hip hop', 'rap']",2019-05-17,77,True,0.518,0.492,10,-8.436,0,0.193,0.216,0.0012,0.146,0.471,78.848,4,"['Tyler, The Creator']",track,375386,2019,05,Friday
"Tyler, the Creator",https://i.scdn.co/image/ab6761610000e5ebdfa2b0c7544a772042a12e52,I DON'T LOVE YOU ANYMORE,5A0M6B0RBSXSNWv0wcppZ9,IGOR,5zi7WsKlIiUXv09tbGLKsE,https://i.scdn.co/image/ab67616d0000b2737005885df706891a3c182a57,"['hip hop', 'rap']",2019-05-17,67,True,0.638,0.522,8,-9.814,1,0.0932,0.352,0.0663,0.165,0.584,142.952,4,"['Tyler, The Creator']",track,161200,2019,05,Friday
"Tyler, the Creator",https://i.scdn.co/image/ab6761610000e5ebdfa2b0c7544a772042a12e52,ARE WE STILL FRIENDS?,5TxRUOsGeWeRl3xOML59Ai,IGOR,5zi7WsKlIiUXv09tbGLKsE,https://i.scdn.co/image/ab67616d0000b2737005885df706891a3c182a57,"['hip hop', 'rap']",2019-05-17,80,True,0.216,0.497,10,-8.025,1,0.0371,0.128,2.39e-06,0.111,0.313,187.308,3,"['Tyler, The Creator']",track,265480,2019,05,Friday
"Tyler, the Creator",https://i.scdn.co/image/ab6761610000e5ebdfa2b0c7544a772042a12e52,Foreword (feat. Rex Orange County),33i3xxHB4YSYGYbtJrwwO8,Flower Boy,2nkto6YNI4rUYTLqEwWJ3o,https://i.scdn.co/image/ab67616d0000b2738940ac99f49e44f59e6f7fb3,"['hip hop', 'rap']",2017-07-21,64,True,0.734,0.671,1,-7.107,1,0.0315,0.118,0.00317,0.352,0.113,94.025,4,"['Tyler, The Creator', 'Rex Orange County']",track,194080,2017,07,Friday
"Tyler, the Creator",https://i.scdn.co/image/ab6761610000e5ebdfa2b0c7544a772042a12e52,Where This Flower Blooms (feat. Frank Ocean),6KuXb26rHuRy3ZDse1VRmx,Flower Boy,2nkto6YNI4rUYTLqEwWJ3o,https://i.scdn.co/image/ab67616d0000b2738940ac99f49e44f59e6f7fb3,"['hip hop', 'rap']",2017-07-21,71,True,0.686,0.429,8,-10.402,0,0.15,0.71,3.41e-06,0.166,0.27,130.09,4,"['Tyler, The Creator', 'Frank Ocean']",track,194933,2017,07,Friday
"Tyler, the Creator",https://i.scdn.co/image/ab6761610000e5ebdfa2b0c7544a772042a12e52,Sometimes...,4KgTrzmfiWNcVneh2Dd1Ou,Flower Boy,2nkto6YNI4rUYTLqEwWJ3o,https://i.scdn.co/image/ab67616d0000b2738940ac99f49e44f59e6f7fb3,"['hip hop', 'rap']",2017-07-21,59,True,0.552,0.415,3,-11.996,1,0.0451,0.959,0.000239,0.164,0.36,72.862,4,"['Tyler, The Creator']",track,36160,2017,07,Friday
"Tyler, the Creator",https://i.scdn.co/image/ab6761610000e5ebdfa2b0c7544a772042a12e52,See You Again (feat. Kali Uchis),7KA4W4McWYRpgf0fWsJZWB,Flower Boy,2nkto6YNI4rUYTLqEwWJ3o,https://i.scdn.co/image/ab67616d0000b2738940ac99f49e44f59e6f7fb3,"['hip hop', 'rap']",2017-07-21,89,True,0.558,0.559,6,-9.222,1,0.0959,0.371,7.49e-06,0.109,0.62,78.558,4,"['Tyler, The Creator', 'Kali Uchis']",track,180386,2017,07,Friday
"Tyler, the Creator",https://i.scdn.co/image/ab6761610000e5ebdfa2b0c7544a772042a12e52,Who Dat Boy (feat. A$AP Rocky),21yRtB6B8EMounImAfHRCP,Flower Boy,2nkto6YNI4rUYTLqEwWJ3o,https://i.scdn.co/image/ab67616d0000b2738940ac99f49e44f59e6f7fb3,"['hip hop', 'rap']",2017-07-21,65,True,0.706,0.485,8,-9.671,1,0.331,0.337,0.0,0.122,0.144,115.414,4,"['Tyler, The Creator', 'A$AP Rocky']",track,205093,2017,07,Friday
"Tyler, the Creator",https://i.scdn.co/image/ab6761610000e5ebdfa2b0c7544a772042a12e52,Pothole (feat. Jaden Smith),5SxlUF7J8tyFIEF22EomeP,Flower Boy,2nkto6YNI4rUYTLqEwWJ3o,https://i.scdn.co/image/ab67616d0000b2738940ac99f49e44f59e6f7fb3,"['hip hop', 'rap']",2017-07-21,62,True,0.543,0.572,11,-8.974,1,0.338,0.51,7.23e-06,0.28,0.569,89.386,4,"['Tyler, The Creator', 'Jaden']",track,237000,2017,07,Friday
"Tyler, the Creator",https://i.scdn.co/image/ab6761610000e5ebdfa2b0c7544a772042a12e52,Garden Shed (feat. Estelle),6ACiYjq5Q7e6BlhZEHz7cd,Flower Boy,2nkto6YNI4rUYTLqEwWJ3o,https://i.scdn.co/image/ab67616d0000b2738940ac99f49e44f59e6f7fb3,"['hip hop', 'rap']",2017-07-21,65,True,0.423,0.456,2,-8.45,0,0.0579,0.381,0.016,0.12,0.148,112.984,4,"['Tyler, The Creator', 'Estelle']",track,223946,2017,07,Friday
"Tyler, the Creator",https://i.scdn.co/image/ab6761610000e5ebdfa2b0c7544a772042a12e52,Boredom (feat. Rex Orange County & Anna of the North),5WNYg3usc6H8N3MBEp4zVk,Flower Boy,2nkto6YNI4rUYTLqEwWJ3o,https://i.scdn.co/image/ab67616d0000b2738940ac99f49e44f59e6f7fb3,"['hip hop', 'rap']",2017-07-21,67,True,0.559,0.578,8,-9.54,1,0.151,0.79,0.000522,0.324,0.239,79.938,4,"['Tyler, The Creator', 'Rex Orange County', 'Anna of the North']",track,320720,2017,07,Friday
"Tyler, the Creator",https://i.scdn.co/image/ab6761610000e5ebdfa2b0c7544a772042a12e52,I Ain't Got Time!,430qNtapCS3Ue1yoSql1oV,Flower Boy,2nkto6YNI4rUYTLqEwWJ3o,https://i.scdn.co/image/ab67616d0000b2738940ac99f49e44f59e6f7fb3,"['hip hop', 'rap']",2017-07-21,61,True,0.549,0.725,1,-7.239,1,0.397,0.0539,3.52e-05,0.148,0.547,108.822,4,"['Tyler, The Creator']",track,206266,2017,07,Friday
"Tyler, the Creator",https://i.scdn.co/image/ab6761610000e5ebdfa2b0c7544a772042a12e52,911 / Mr. Lonely (feat. Frank Ocean & Steve Lacy),4bEcoz1OcfMgUbp2ft8ieQ,Flower Boy,2nkto6YNI4rUYTLqEwWJ3o,https://i.scdn.co/image/ab67616d0000b2738940ac99f49e44f59e6f7fb3,"['hip hop', 'rap']",2017-07-21,73,True,0.48,0.61,0,-7.042,1,0.305,0.0456,0.0,0.313,0.297,90.034,4,"['Tyler, The Creator', 'Frank Ocean', 'Steve Lacy']",track,255653,2017,07,Friday
"Tyler, the Creator",https://i.scdn.co/image/ab6761610000e5ebdfa2b0c7544a772042a12e52,Droppin' Seeds (feat. Lil' Wayne),39u2PsqrAZpZ0KPx6CjasV,Flower Boy,2nkto6YNI4rUYTLqEwWJ3o,https://i.scdn.co/image/ab67616d0000b2738940ac99f49e44f59e6f7fb3,"['hip hop', 'rap']",2017-07-21,60,True,0.401,0.532,5,-11.554,0,0.508,0.103,0.0,0.478,0.413,84.777,4,"['Tyler, The Creator', 'Lil Wayne']",track,60000,2017,07,Friday
"Tyler, the Creator",https://i.scdn.co/image/ab6761610000e5ebdfa2b0c7544a772042a12e52,November,4XDpeWqPADoWRKcUY3dC84,Flower Boy,2nkto6YNI4rUYTLqEwWJ3o,https://i.scdn.co/image/ab67616d0000b2738940ac99f49e44f59e6f7fb3,"['hip hop', 'rap']",2017-07-21,63,True,0.547,0.759,1,-7.039,0,0.413,0.354,2.15e-05,0.676,0.575,91.85,4,"['Tyler, The Creator']",track,225346,2017,07,Friday
"Tyler, the Creator",https://i.scdn.co/image/ab6761610000e5ebdfa2b0c7544a772042a12e52,Glitter,0qtK3XwbuG153dmwB8iepL,Flower Boy,2nkto6YNI4rUYTLqEwWJ3o,https://i.scdn.co/image/ab67616d0000b2738940ac99f49e44f59e6f7fb3,"['hip hop', 'rap']",2017-07-21,67,True,0.449,0.434,1,-11.777,1,0.243,0.306,2.76e-06,0.633,0.371,78.57,5,"['Tyler, The Creator']",track,224893,2017,07,Friday
"Tyler, the Creator",https://i.scdn.co/image/ab6761610000e5ebdfa2b0c7544a772042a12e52,"Enjoy Right Now, Today",3R1Vu4Ws7UitwDxDHTol0P,Flower Boy,2nkto6YNI4rUYTLqEwWJ3o,https://i.scdn.co/image/ab67616d0000b2738940ac99f49e44f59e6f7fb3,"['hip hop', 'rap']",2017-07-21,57,False,0.729,0.675,1,-6.008,1,0.187,0.037,0.847,0.0891,0.654,162.126,4,"['Tyler, The Creator']",track,235400,2017,07,Friday
"Tyler, the Creator",https://i.scdn.co/image/ab6761610000e5ebdfa2b0c7544a772042a12e52,DEATHCAMP (feat. Cole Alexander),2u1tKPsxhwigi5BNbXihB0,Cherry Bomb + Instrumentals,5V3Chnpno9oTI7JSPXKUf3,https://i.scdn.co/image/ab67616d0000b27337906edcfbfde42b203097f2,"['hip hop', 'rap']",2015-04-13,48,True,0.581,0.746,10,-5.495,0,0.0422,0.0149,0.000276,0.594,0.455,101.881,4,"['Tyler, The Creator', 'Cole Alexander']",track,189702,2015,04,Monday
"Tyler, the Creator",https://i.scdn.co/image/ab6761610000e5ebdfa2b0c7544a772042a12e52,BUFFALO (feat. Shane Powers),3h0P4TXrlrv9Lj0z7FS36I,Cherry Bomb + Instrumentals,5V3Chnpno9oTI7JSPXKUf3,https://i.scdn.co/image/ab67616d0000b27337906edcfbfde42b203097f2,"['hip hop', 'rap']",2015-04-13,42,True,0.346,0.824,2,-5.054,1,0.134,0.00457,0.000266,0.356,0.116,169.002,4,"['Tyler, The Creator', 'Shane Powers']",track,159964,2015,04,Monday
"Tyler, the Creator",https://i.scdn.co/image/ab6761610000e5ebdfa2b0c7544a772042a12e52,PILOT (feat. Sydney Bennett),4SUQbrebZgvSX8i3aYHMB6,Cherry Bomb + Instrumentals,5V3Chnpno9oTI7JSPXKUf3,https://i.scdn.co/image/ab67616d0000b27337906edcfbfde42b203097f2,"['hip hop', 'rap']",2015-04-13,42,True,0.596,0.869,5,-2.389,0,0.0621,6.32e-05,0.0493,0.0476,0.545,109.995,4,"['Tyler, The Creator', 'Syd']",track,209412,2015,04,Monday
"Tyler, the Creator",https://i.scdn.co/image/ab6761610000e5ebdfa2b0c7544a772042a12e52,RUN (feat. Chaz Bundick & ScHoolboy Q),1VZS61kwta2pHVTAXU9uU1,Cherry Bomb + Instrumentals,5V3Chnpno9oTI7JSPXKUf3,https://i.scdn.co/image/ab67616d0000b27337906edcfbfde42b203097f2,"['hip hop', 'rap']",2015-04-13,38,True,0.411,0.909,11,-5.234,0,0.169,0.00178,0.0,0.794,0.473,145.966,4,"['Tyler, The Creator', 'Chaz Bundick', 'ScHoolboy Q']",track,69076,2015,04,Monday
"Tyler, the Creator",https://i.scdn.co/image/ab6761610000e5ebdfa2b0c7544a772042a12e52,"FIND YOUR WINGS (feat. Roy Ayers, Sydney Bennett & Kali Uchis)",0mvnmLsfi9n5RjPIWzT6tY,Cherry Bomb + Instrumentals,5V3Chnpno9oTI7JSPXKUf3,https://i.scdn.co/image/ab67616d0000b27337906edcfbfde42b203097f2,"['hip hop', 'rap']",2015-04-13,44,True,0.53,0.427,9,-7.338,0,0.0275,0.405,0.0832,0.0976,0.195,75.111,4,"['Tyler, The Creator', 'Roy Ayers', 'Syd', 'Kali Uchis']",track,179042,2015,04,Monday
"Tyler, the Creator",https://i.scdn.co/image/ab6761610000e5ebdfa2b0c7544a772042a12e52,CHERRY BOMB,53Ij8FmAuvzXLsjzCTLM31,Cherry Bomb + Instrumentals,5V3Chnpno9oTI7JSPXKUf3,https://i.scdn.co/image/ab67616d0000b27337906edcfbfde42b203097f2,"['hip hop', 'rap']",2015-04-13,46,True,0.594,0.817,2,-3.389,1,0.0521,0.001,0.8,0.155,0.151,133.868,4,"['Tyler, The Creator']",track,269352,2015,04,Monday
"Tyler, the Creator",https://i.scdn.co/image/ab6761610000e5ebdfa2b0c7544a772042a12e52,"BLOW MY LOAD (feat. Wanya Morris, D창m-Funk, Austin Feinstein & Sydney Bennett)",57lHFW5RSl888Q1UionOXq,Cherry Bomb + Instrumentals,5V3Chnpno9oTI7JSPXKUf3,https://i.scdn.co/image/ab67616d0000b27337906edcfbfde42b203097f2,"['hip hop', 'rap']",2015-04-13,43,True,0.397,0.701,1,-7.328,1,0.0737,0.0127,0.000207,0.749,0.179,74.518,4,"['Tyler, The Creator', 'Wanya Morris', 'D훮M-FunK', 'Austin Feinstein', 'Syd']",track,190284,2015,04,Monday
"Tyler, the Creator",https://i.scdn.co/image/ab6761610000e5ebdfa2b0c7544a772042a12e52,"2SEATER (feat. Aaron Shaw, Samantha Nelson & Austin Feinstein)",5LUJ8X9S6lJOeUwJkWqCeX,Cherry Bomb + Instrumentals,5V3Chnpno9oTI7JSPXKUf3,https://i.scdn.co/image/ab67616d0000b27337906edcfbfde42b203097f2,"['hip hop', 'rap']",2015-04-13,44,True,0.352,0.693,10,-7.412,0,0.361,0.334,6.21e-05,0.611,0.348,88.855,4,"['Tyler, The Creator', 'Aaron Shaw', 'Samantha Nelson', 'Austin Feinstein']",track,409779,2015,04,Monday
"Tyler, the Creator",https://i.scdn.co/image/ab6761610000e5ebdfa2b0c7544a772042a12e52,THE BROWN STAINS OF DARKEESE LATIFAH PART 6-12 (REMIX) (feat. ScHoolboy Q),7E3FdWpPkWTCggsanYXj30,Cherry Bomb + Instrumentals,5V3Chnpno9oTI7JSPXKUf3,https://i.scdn.co/image/ab67616d0000b27337906edcfbfde42b203097f2,"['hip hop', 'rap']",2015-04-13,39,True,0.63,0.842,1,-5.636,0,0.316,0.000967,0.0,0.362,0.634,84.952,4,"['Tyler, The Creator', 'ScHoolboy Q']",track,191868,2015,04,Monday
"Tyler, the Creator",https://i.scdn.co/image/ab6761610000e5ebdfa2b0c7544a772042a12e52,"FUCKING YOUNG / PERFECT (feat. Charlie Wilson, Chaz Bundick, Sydney Bennett & Kali Uchis)",6738dceRZVHz8VumfBH7aI,Cherry Bomb + Instrumentals,5V3Chnpno9oTI7JSPXKUf3,https://i.scdn.co/image/ab67616d0000b27337906edcfbfde42b203097f2,"['hip hop', 'rap']",2015-04-13,47,True,0.232,0.705,5,-6.928,1,0.0997,0.032,6.6e-05,0.185,0.352,74.28,4,"['Tyler, The Creator', 'Charlie Wilson', 'Chaz Bundick', 'Syd', 'Kali Uchis']",track,401572,2015,04,Monday
"Tyler, the Creator",https://i.scdn.co/image/ab6761610000e5ebdfa2b0c7544a772042a12e52,SMUCKERS (feat. Lil Wayne & Kanye West),3v6SdZsS8zR6Go257tldbB,Cherry Bomb + Instrumentals,5V3Chnpno9oTI7JSPXKUf3,https://i.scdn.co/image/ab67616d0000b27337906edcfbfde42b203097f2,"['hip hop', 'rap']",2015-04-13,49,True,0.427,0.849,7,-2.945,1,0.348,0.015,0.00373,0.153,0.55,79.155,4,"['Tyler, The Creator', 'Lil Wayne', 'Kanye West']",track,334363,2015,04,Monday
"Tyler, the Creator",https://i.scdn.co/image/ab6761610000e5ebdfa2b0c7544a772042a12e52,KEEP DA O'S (feat. Pharrell Williams & Coco O.),0YOzUujSDOvSRahyn1Pkeb,Cherry Bomb + Instrumentals,5V3Chnpno9oTI7JSPXKUf3,https://i.scdn.co/image/ab67616d0000b27337906edcfbfde42b203097f2,"['hip hop', 'rap']",2015-04-13,36,True,0.501,0.596,6,-8.444,1,0.077,0.00814,0.00023,0.0666,0.204,139.929,3,"['Tyler, The Creator', 'Pharrell Williams', 'Coco O.']",track,248544,2015,04,Monday
"Tyler, the Creator",https://i.scdn.co/image/ab6761610000e5ebdfa2b0c7544a772042a12e52,"OKAGA, CA (feat. Alice Smith, Leon Ware & Clem Creevy)",3QZY1nrt8MKrlnotFwRwcm,Cherry Bomb + Instrumentals,5V3Chnpno9oTI7JSPXKUf3,https://i.scdn.co/image/ab67616d0000b27337906edcfbfde42b203097f2,"['hip hop', 'rap']",2015-04-13,41,True,0.458,0.64,2,-4.515,1,0.0419,0.00196,0.0288,0.0782,0.205,145.94,4,"['Tyler, The Creator', 'Alice Smith', 'Leon Ware', 'Clem Creevy']",track,397384,2015,04,Monday
"Tyler, the Creator",https://i.scdn.co/image/ab6761610000e5ebdfa2b0c7544a772042a12e52,DEATHCAMP - Instrumental,4rD9WSFNt2LbhVcqZqa5rp,Cherry Bomb + Instrumentals,5V3Chnpno9oTI7JSPXKUf3,https://i.scdn.co/image/ab67616d0000b27337906edcfbfde42b203097f2,"['hip hop', 'rap']",2015-04-13,32,False,0.608,0.537,10,-6.682,0,0.288,0.0241,0.506,0.112,0.563,204.082,4,"['Tyler, The Creator']",track,192560,2015,04,Monday
"Tyler, the Creator",https://i.scdn.co/image/ab6761610000e5ebdfa2b0c7544a772042a12e52,BUFFALO - Instrumental,3mWdvkm8RbMr1d5Q2Jk4N5,Cherry Bomb + Instrumentals,5V3Chnpno9oTI7JSPXKUf3,https://i.scdn.co/image/ab67616d0000b27337906edcfbfde42b203097f2,"['hip hop', 'rap']",2015-04-13,30,False,0.497,0.606,2,-5.148,1,0.0363,0.00235,0.618,0.069,0.19,168.299,4,"['Tyler, The Creator']",track,160173,2015,04,Monday
"Tyler, the Creator",https://i.scdn.co/image/ab6761610000e5ebdfa2b0c7544a772042a12e52,PILOT - Instrumental,3qNiRhFYfEbuvWvzQQ5p7d,Cherry Bomb + Instrumentals,5V3Chnpno9oTI7JSPXKUf3,https://i.scdn.co/image/ab67616d0000b27337906edcfbfde42b203097f2,"['hip hop', 'rap']",2015-04-13,31,False,0.648,0.821,8,-2.32,1,0.0301,5.77e-05,0.748,0.0647,0.526,109.998,4,"['Tyler, The Creator']",track,209786,2015,04,Monday
"Tyler, the Creator",https://i.scdn.co/image/ab6761610000e5ebdfa2b0c7544a772042a12e52,RUN - Instrumental,0JUwpmBTwaXjdMTCnI5eNX,Cherry Bomb + Instrumentals,5V3Chnpno9oTI7JSPXKUf3,https://i.scdn.co/image/ab67616d0000b27337906edcfbfde42b203097f2,"['hip hop', 'rap']",2015-04-13,29,False,0.592,0.846,11,-6.561,0,0.0417,0.00224,0.04,0.422,0.504,145.925,4,"['Tyler, The Creator']",track,70413,2015,04,Monday
"Tyler, the Creator",https://i.scdn.co/image/ab6761610000e5ebdfa2b0c7544a772042a12e52,FIND YOUR WINGS - Instrumental,3xLUgT2u1LGSFAI1hFSNJz,Cherry Bomb + Instrumentals,5V3Chnpno9oTI7JSPXKUf3,https://i.scdn.co/image/ab67616d0000b27337906edcfbfde42b203097f2,"['hip hop', 'rap']",2015-04-13,34,False,0.633,0.328,9,-9.564,0,0.0265,0.203,0.543,0.0941,0.206,75.035,4,"['Tyler, The Creator']",track,180613,2015,04,Monday
"Tyler, the Creator",https://i.scdn.co/image/ab6761610000e5ebdfa2b0c7544a772042a12e52,CHERRY BOMB - Instrumental,5Sp0Qp4cmT5XXeJXfnrDAm,Cherry Bomb + Instrumentals,5V3Chnpno9oTI7JSPXKUf3,https://i.scdn.co/image/ab67616d0000b27337906edcfbfde42b203097f2,"['hip hop', 'rap']",2015-04-13,30,False,0.747,0.861,2,-2.671,1,0.0439,0.00194,0.837,0.44,0.224,133.88,4,"['Tyler, The Creator']",track,269853,2015,04,Monday
"Tyler, the Creator",https://i.scdn.co/image/ab6761610000e5ebdfa2b0c7544a772042a12e52,BLOW MY LOAD - Instrumental,2J1ix1qlk9WjgQzV5gSpO7,Cherry Bomb + Instrumentals,5V3Chnpno9oTI7JSPXKUf3,https://i.scdn.co/image/ab67616d0000b27337906edcfbfde42b203097f2,"['hip hop', 'rap']",2015-04-13,32,False,0.406,0.628,1,-7.22,1,0.0509,0.000154,0.0824,0.296,0.21,73.706,4,"['Tyler, The Creator']",track,176440,2015,04,Monday
"Tyler, the Creator",https://i.scdn.co/image/ab6761610000e5ebdfa2b0c7544a772042a12e52,2SEATER - Instrumental,2svpV0Ja1LtGq6eE7Pysu9,Cherry Bomb + Instrumentals,5V3Chnpno9oTI7JSPXKUf3,https://i.scdn.co/image/ab67616d0000b27337906edcfbfde42b203097f2,"['hip hop', 'rap']",2015-04-13,32,False,0.401,0.562,10,-9.597,0,0.213,0.272,0.0314,0.445,0.146,80.735,3,"['Tyler, The Creator']",track,410053,2015,04,Monday
"Tyler, the Creator",https://i.scdn.co/image/ab6761610000e5ebdfa2b0c7544a772042a12e52,THE BROWN STAINS OF DARKEESE LATIFAH PART 6-12 (REMIX) - Instrumental,3MNMl544W55Fphu1do513b,Cherry Bomb + Instrumentals,5V3Chnpno9oTI7JSPXKUf3,https://i.scdn.co/image/ab67616d0000b27337906edcfbfde42b203097f2,"['hip hop', 'rap']",2015-04-13,29,False,0.468,0.789,1,-8.056,1,0.251,0.00061,0.279,0.113,0.0881,162.275,3,"['Tyler, The Creator']",track,278240,2015,04,Monday
"Tyler, the Creator",https://i.scdn.co/image/ab6761610000e5ebdfa2b0c7544a772042a12e52,FUCKING YOUNG / PERFECT - Instrumental,26jiz9ZZTRxYb0nnuWKyO0,Cherry Bomb + Instrumentals,5V3Chnpno9oTI7JSPXKUf3,https://i.scdn.co/image/ab67616d0000b27337906edcfbfde42b203097f2,"['hip hop', 'rap']",2015-04-13,32,False,0.286,0.531,5,-6.89,1,0.0329,0.0112,0.766,0.114,0.106,74.04,4,"['Tyler, The Creator']",track,401666,2015,04,Monday
"Tyler, the Creator",https://i.scdn.co/image/ab6761610000e5ebdfa2b0c7544a772042a12e52,SMUCKERS - Instrumental,4x9qXC1n1x3v7tg4VD6xep,Cherry Bomb + Instrumentals,5V3Chnpno9oTI7JSPXKUf3,https://i.scdn.co/image/ab67616d0000b27337906edcfbfde42b203097f2,"['hip hop', 'rap']",2015-04-13,33,False,0.421,0.634,7,-4.972,1,0.0537,0.00632,0.916,0.114,0.232,155.007,4,"['Tyler, The Creator']",track,338173,2015,04,Monday
"Tyler, the Creator",https://i.scdn.co/image/ab6761610000e5ebdfa2b0c7544a772042a12e52,KEEP DA O'S - Instrumental,7Il5uRy0f42P1hXMIfa6iG,Cherry Bomb + Instrumentals,5V3Chnpno9oTI7JSPXKUf3,https://i.scdn.co/image/ab67616d0000b27337906edcfbfde42b203097f2,"['hip hop', 'rap']",2015-04-13,27,False,0.56,0.435,6,-9.91,1,0.0355,0.00776,0.731,0.0614,0.106,139.948,3,"['Tyler, The Creator']",track,250706,2015,04,Monday
"Tyler, the Creator",https://i.scdn.co/image/ab6761610000e5ebdfa2b0c7544a772042a12e52,"OKAGA, CA - Instrumental",0wt8YgYZVAIi8OpVTB7PZ7,Cherry Bomb + Instrumentals,5V3Chnpno9oTI7JSPXKUf3,https://i.scdn.co/image/ab67616d0000b27337906edcfbfde42b203097f2,"['hip hop', 'rap']",2015-04-13,30,False,0.579,0.534,2,-5.495,1,0.0304,0.000693,0.877,0.0653,0.151,145.967,4,"['Tyler, The Creator']",track,396853,2015,04,Monday
"Tyler, the Creator",https://i.scdn.co/image/ab6761610000e5ebdfa2b0c7544a772042a12e52,DEATHCAMP (feat. Cole Alexander),1dXYBALYTj3AMxa8hgiQhA,Cherry Bomb,621OhgnZJ7Pz8iUazct1In,https://i.scdn.co/image/ab67616d0000b273e4bf0d3d9e0224a30ca5f665,"['hip hop', 'rap']",2015-04-13,58,True,0.581,0.746,10,-5.495,0,0.0422,0.0149,0.000276,0.594,0.455,101.881,4,"['Tyler, The Creator', 'Cole Alexander']",track,189702,2015,04,Monday
"Tyler, the Creator",https://i.scdn.co/image/ab6761610000e5ebdfa2b0c7544a772042a12e52,BUFFALO (feat. Shane Powers),1qkPQxOTLFmx3bwUOV8Kzw,Cherry Bomb,621OhgnZJ7Pz8iUazct1In,https://i.scdn.co/image/ab67616d0000b273e4bf0d3d9e0224a30ca5f665,"['hip hop', 'rap']",2015-04-13,53,True,0.346,0.824,2,-5.054,1,0.134,0.00457,0.000266,0.356,0.116,169.002,4,"['Tyler, The Creator', 'Shane Powers']",track,159964,2015,04,Monday
"Tyler, the Creator",https://i.scdn.co/image/ab6761610000e5ebdfa2b0c7544a772042a12e52,PILOT (feat. Sydney Bennett),332Yig3HD2IdDigzlf5Ndl,Cherry Bomb,621OhgnZJ7Pz8iUazct1In,https://i.scdn.co/image/ab67616d0000b273e4bf0d3d9e0224a30ca5f665,"['hip hop', 'rap']",2015-04-13,52,True,0.596,0.869,5,-2.389,0,0.0621,6.32e-05,0.0493,0.0476,0.545,109.995,4,"['Tyler, The Creator', 'Syd']",track,209412,2015,04,Monday
"Tyler, the Creator",https://i.scdn.co/image/ab6761610000e5ebdfa2b0c7544a772042a12e52,RUN (feat. Chaz Bundick & ScHoolboy Q),586xfl7VsCFPD9z5iJoKEp,Cherry Bomb,621OhgnZJ7Pz8iUazct1In,https://i.scdn.co/image/ab67616d0000b273e4bf0d3d9e0224a30ca5f665,"['hip hop', 'rap']",2015-04-13,48,True,0.411,0.909,11,-5.234,0,0.169,0.00178,0.0,0.794,0.473,145.966,4,"['Tyler, The Creator', 'Chaz Bundick', 'ScHoolboy Q']",track,69076,2015,04,Monday
"Tyler, the Creator",https://i.scdn.co/image/ab6761610000e5ebdfa2b0c7544a772042a12e52,"FIND YOUR WINGS (feat. Roy Ayers, Sydney Bennett & Kali Uchis)",7er0EUMY653mxZ1NVD9mwQ,Cherry Bomb,621OhgnZJ7Pz8iUazct1In,https://i.scdn.co/image/ab67616d0000b273e4bf0d3d9e0224a30ca5f665,"['hip hop', 'rap']",2015-04-13,62,True,0.53,0.427,9,-7.338,0,0.0275,0.405,0.0832,0.0976,0.195,75.111,4,"['Tyler, The Creator', 'Roy Ayers', 'Syd', 'Kali Uchis']",track,179042,2015,04,Monday
"Tyler, the Creator",https://i.scdn.co/image/ab6761610000e5ebdfa2b0c7544a772042a12e52,CHERRY BOMB,1sJZgGyZJookIoyLi9jDOV,Cherry Bomb,621OhgnZJ7Pz8iUazct1In,https://i.scdn.co/image/ab67616d0000b273e4bf0d3d9e0224a30ca5f665,"['hip hop', 'rap']",2015-04-13,53,True,0.594,0.817,2,-3.389,1,0.0521,0.001,0.8,0.155,0.151,133.868,4,"['Tyler, The Creator']",track,269352,2015,04,Monday
"Tyler, the Creator",https://i.scdn.co/image/ab6761610000e5ebdfa2b0c7544a772042a12e52,"BLOW MY LOAD (feat. Wanya Morris, D창m-Funk, Austin Feinstein & Sydney Bennett)",5DXJ7agkkKytxX8Z2x1fY3,Cherry Bomb,621OhgnZJ7Pz8iUazct1In,https://i.scdn.co/image/ab67616d0000b273e4bf0d3d9e0224a30ca5f665,"['hip hop', 'rap']",2015-04-13,56,True,0.397,0.701,1,-7.328,1,0.0737,0.0127,0.000207,0.749,0.179,74.518,4,"['Tyler, The Creator', 'Wanya Morris', 'D훮M-FunK', 'Austin Feinstein', 'Syd']",track,190284,2015,04,Monday
"Tyler, the Creator",https://i.scdn.co/image/ab6761610000e5ebdfa2b0c7544a772042a12e52,"2SEATER (feat. Aaron Shaw, Samantha Nelson & Austin Feinstein)",6Xw3iWrQKgArwlRhVuU9CK,Cherry Bomb,621OhgnZJ7Pz8iUazct1In,https://i.scdn.co/image/ab67616d0000b273e4bf0d3d9e0224a30ca5f665,"['hip hop', 'rap']",2015-04-13,58,True,0.352,0.693,10,-7.412,0,0.361,0.334,6.21e-05,0.611,0.348,88.855,4,"['Tyler, The Creator', 'Aaron Shaw', 'Samantha Nelson', 'Austin Feinstein']",track,409779,2015,04,Monday
"Tyler, the Creator",https://i.scdn.co/image/ab6761610000e5ebdfa2b0c7544a772042a12e52,THE BROWN STAINS OF DARKEESE LATIFAH PART 6-12 (REMIX) (feat. ScHoolboy Q),629TRAVD61y1ZVNl9EOfEE,Cherry Bomb,621OhgnZJ7Pz8iUazct1In,https://i.scdn.co/image/ab67616d0000b273e4bf0d3d9e0224a30ca5f665,"['hip hop', 'rap']",2015-04-13,51,True,0.63,0.842,1,-5.636,0,0.316,0.000967,0.0,0.362,0.634,84.952,4,"['Tyler, The Creator', 'ScHoolboy Q']",track,191868,2015,04,Monday
"Tyler, the Creator",https://i.scdn.co/image/ab6761610000e5ebdfa2b0c7544a772042a12e52,"FUCKING YOUNG / PERFECT (feat. Charlie Wilson, Chaz Bundick, Sydney Bennett & Kali Uchis)",46CA1H0T1r7u5lDUtVveAh,Cherry Bomb,621OhgnZJ7Pz8iUazct1In,https://i.scdn.co/image/ab67616d0000b273e4bf0d3d9e0224a30ca5f665,"['hip hop', 'rap']",2015-04-13,64,True,0.232,0.705,5,-6.928,1,0.0997,0.032,6.6e-05,0.185,0.352,74.28,4,"['Tyler, The Creator', 'Charlie Wilson', 'Chaz Bundick', 'Syd', 'Kali Uchis']",track,401572,2015,04,Monday
"Tyler, the Creator",https://i.scdn.co/image/ab6761610000e5ebdfa2b0c7544a772042a12e52,SMUCKERS (feat. Lil Wayne & Kanye West),078C2jXg7XsMgW78Gfx1JA,Cherry Bomb,621OhgnZJ7Pz8iUazct1In,https://i.scdn.co/image/ab67616d0000b273e4bf0d3d9e0224a30ca5f665,"['hip hop', 'rap']",2015-04-13,66,True,0.427,0.849,7,-2.945,1,0.348,0.015,0.00373,0.153,0.55,79.155,4,"['Tyler, The Creator', 'Lil Wayne', 'Kanye West']",track,334363,2015,04,Monday
"Tyler, the Creator",https://i.scdn.co/image/ab6761610000e5ebdfa2b0c7544a772042a12e52,KEEP DA O'S (feat. Pharrell Williams & Coco O.),7zdanauvITJaq9OE7bBz0c,Cherry Bomb,621OhgnZJ7Pz8iUazct1In,https://i.scdn.co/image/ab67616d0000b273e4bf0d3d9e0224a30ca5f665,"['hip hop', 'rap']",2015-04-13,47,True,0.501,0.596,6,-8.444,1,0.077,0.00814,0.00023,0.0666,0.204,139.929,3,"['Tyler, The Creator', 'Pharrell Williams', 'Coco O.']",track,248544,2015,04,Monday
"Tyler, the Creator",https://i.scdn.co/image/ab6761610000e5ebdfa2b0c7544a772042a12e52,"OKAGA, CA (feat. Alice Smith, Leon Ware & Clem Creevy)",2CnrJj6Jz4vSe5E1hsWtpg,Cherry Bomb,621OhgnZJ7Pz8iUazct1In,https://i.scdn.co/image/ab67616d0000b273e4bf0d3d9e0224a30ca5f665,"['hip hop', 'rap']",2015-04-13,53,True,0.458,0.64,2,-4.515,1,0.0419,0.00196,0.0288,0.0782,0.205,145.94,4,"['Tyler, The Creator', 'Alice Smith', 'Leon Ware', 'Clem Creevy']",track,397384,2015,04,Monday
"Tyler, the Creator",https://i.scdn.co/image/ab6761610000e5ebdfa2b0c7544a772042a12e52,WOLF,0fqkchNanlXCoNacucPP17,Wolf + Instrumentals,4jEKedq9rWPV9OXuMkrZCa,https://i.scdn.co/image/ab67616d0000b273ecdf37c0fb7d35f589e2fb4d,"['hip hop', 'rap']",2013-04-01,38,True,0.425,0.286,1,-11.993,0,0.122,0.314,0.00476,0.399,0.344,138.879,4,"['Tyler, The Creator']",track,110616,2013,04,Monday
"Tyler, the Creator",https://i.scdn.co/image/ab6761610000e5ebdfa2b0c7544a772042a12e52,Jamba (feat. Hodgy),2AVAzChsDazG4eCQuzLYjS,Wolf + Instrumentals,4jEKedq9rWPV9OXuMkrZCa,https://i.scdn.co/image/ab67616d0000b273ecdf37c0fb7d35f589e2fb4d,"['hip hop', 'rap']",2013-04-01,38,True,0.757,0.48,1,-7.909,1,0.38,0.0315,2.91e-06,0.322,0.647,80.017,4,"['Tyler, The Creator', 'Hodgy']",track,212500,2013,04,Monday
"Tyler, the Creator",https://i.scdn.co/image/ab6761610000e5ebdfa2b0c7544a772042a12e52,Cowboy,1bJ89Tywk8kh9L8lej2nBW,Wolf + Instrumentals,4jEKedq9rWPV9OXuMkrZCa,https://i.scdn.co/image/ab67616d0000b273ecdf37c0fb7d35f589e2fb4d,"['hip hop', 'rap']",2013-04-01,38,True,0.552,0.645,1,-8.901,1,0.346,0.0549,0.0,0.383,0.654,160.014,4,"['Tyler, The Creator']",track,195324,2013,04,Monday
"Tyler, the Creator",https://i.scdn.co/image/ab6761610000e5ebdfa2b0c7544a772042a12e52,Awkward,7mlvrrNPu1Kgb2GBOJnQFC,Wolf + Instrumentals,4jEKedq9rWPV9OXuMkrZCa,https://i.scdn.co/image/ab67616d0000b273ecdf37c0fb7d35f589e2fb4d,"['hip hop', 'rap']",2013-04-01,37,True,0.445,0.746,5,-9.086,0,0.296,0.267,0.0322,0.209,0.699,154.163,4,"['Tyler, The Creator']",track,227473,2013,04,Monday
"Tyler, the Creator",https://i.scdn.co/image/ab6761610000e5ebdfa2b0c7544a772042a12e52,Domo23,2vdcmz5DazSCpWma3GQ23l,Wolf + Instrumentals,4jEKedq9rWPV9OXuMkrZCa,https://i.scdn.co/image/ab67616d0000b273ecdf37c0fb7d35f589e2fb4d,"['hip hop', 'rap']",2013-04-01,36,True,0.73,0.561,8,-5.973,0,0.373,0.173,0.0,0.207,0.63,132.99,4,"['Tyler, The Creator']",track,158778,2013,04,Monday
"Tyler, the Creator",https://i.scdn.co/image/ab6761610000e5ebdfa2b0c7544a772042a12e52,Answer,2qkhKEikKcL5FgYZ7iiY52,Wolf + Instrumentals,4jEKedq9rWPV9OXuMkrZCa,https://i.scdn.co/image/ab67616d0000b273ecdf37c0fb7d35f589e2fb4d,"['hip hop', 'rap']",2013-04-01,46,True,0.356,0.826,8,-6.935,0,0.0508,0.00299,4.64e-06,0.118,0.535,72.987,4,"['Tyler, The Creator']",track,230090,2013,04,Monday
"Tyler, the Creator",https://i.scdn.co/image/ab6761610000e5ebdfa2b0c7544a772042a12e52,Slater (feat. Frank Ocean),555VfdiQswEDceHER92qAK,Wolf + Instrumentals,4jEKedq9rWPV9OXuMkrZCa,https://i.scdn.co/image/ab67616d0000b273ecdf37c0fb7d35f589e2fb4d,"['hip hop', 'rap']",2013-04-01,37,True,0.525,0.607,1,-7.29,0,0.0824,0.0124,2.98e-05,0.0536,0.296,154.243,4,"['Tyler, The Creator', 'Frank Ocean']",track,233878,2013,04,Monday
"Tyler, the Creator",https://i.scdn.co/image/ab6761610000e5ebdfa2b0c7544a772042a12e52,48,3e1eAGw2Icto28DqCqtNSG,Wolf + Instrumentals,4jEKedq9rWPV9OXuMkrZCa,https://i.scdn.co/image/ab67616d0000b273ecdf37c0fb7d35f589e2fb4d,"['hip hop', 'rap']",2013-04-01,38,True,0.548,0.875,1,-8.487,1,0.277,0.125,0.0,0.873,0.512,119.995,4,"['Tyler, The Creator']",track,247312,2013,04,Monday
"Tyler, the Creator",https://i.scdn.co/image/ab6761610000e5ebdfa2b0c7544a772042a12e52,Colossus,1jsMrfbo7gDk0lu0FUISt8,Wolf + Instrumentals,4jEKedq9rWPV9OXuMkrZCa,https://i.scdn.co/image/ab67616d0000b273ecdf37c0fb7d35f589e2fb4d,"['hip hop', 'rap']",2013-04-01,39,True,0.508,0.591,0,-9.52,1,0.362,0.297,0.0,0.267,0.731,105.096,5,"['Tyler, The Creator']",track,213339,2013,04,Monday
"Tyler, the Creator",https://i.scdn.co/image/ab6761610000e5ebdfa2b0c7544a772042a12e52,PartyIsntOver/Campfire/Bimmer (feat. Frank Ocean & Laetitia Sadier),10kn8tPNyljdrAGzhaAPSL,Wolf + Instrumentals,4jEKedq9rWPV9OXuMkrZCa,https://i.scdn.co/image/ab67616d0000b273ecdf37c0fb7d35f589e2fb4d,"['hip hop', 'rap']",2013-04-01,38,True,0.435,0.564,1,-9.15,1,0.207,0.0893,0.0178,0.42,0.116,151.767,4,"['Tyler, The Creator', 'Frank Ocean', 'Laetitia Sadier']",track,438512,2013,04,Monday
"Tyler, the Creator",https://i.scdn.co/image/ab6761610000e5ebdfa2b0c7544a772042a12e52,IFHY (feat. Pharrell),2xZcwCCcf3tZWXW4yABBkI,Wolf + Instrumentals,4jEKedq9rWPV9OXuMkrZCa,https://i.scdn.co/image/ab67616d0000b273ecdf37c0fb7d35f589e2fb4d,"['hip hop', 'rap']",2013-04-01,48,True,0.345,0.691,2,-6.62,1,0.3,0.228,0.0,0.547,0.295,76.876,4,"['Tyler, The Creator', 'Pharrell Williams']",track,319279,2013,04,Monday
"Tyler, the Creator",https://i.scdn.co/image/ab6761610000e5ebdfa2b0c7544a772042a12e52,Pigs,2XF5OHqf4GoKW4x8BQjloL,Wolf + Instrumentals,4jEKedq9rWPV9OXuMkrZCa,https://i.scdn.co/image/ab67616d0000b273ecdf37c0fb7d35f589e2fb4d,"['hip hop', 'rap']",2013-04-01,34,True,0.345,0.717,1,-7.382,0,0.297,0.0297,0.00106,0.0834,0.451,84.411,4,"['Tyler, The Creator']",track,254754,2013,04,Monday
"Tyler, the Creator",https://i.scdn.co/image/ab6761610000e5ebdfa2b0c7544a772042a12e52,Parking Lot (feat. Casey Veggies & Mike G),0et03kdULlRyUoTAPMvhju,Wolf + Instrumentals,4jEKedq9rWPV9OXuMkrZCa,https://i.scdn.co/image/ab67616d0000b273ecdf37c0fb7d35f589e2fb4d,"['hip hop', 'rap']",2013-04-01,33,True,0.525,0.508,1,-10.851,1,0.31,0.0933,0.0,0.641,0.451,80.934,4,"['Tyler, The Creator', 'Casey Veggies', 'Mike G']",track,233933,2013,04,Monday
"Tyler, the Creator",https://i.scdn.co/image/ab6761610000e5ebdfa2b0c7544a772042a12e52,Rusty (feat. Domo Genesis & Earl Sweatshirt),5AkCXzN890Crr33zlOJACl,Wolf + Instrumentals,4jEKedq9rWPV9OXuMkrZCa,https://i.scdn.co/image/ab67616d0000b273ecdf37c0fb7d35f589e2fb4d,"['hip hop', 'rap']",2013-04-01,38,True,0.542,0.669,11,-6.048,1,0.245,0.00547,0.000193,0.451,0.359,81.85,4,"['Tyler, The Creator', 'Domo Genesis', 'Earl Sweatshirt']",track,309711,2013,04,Monday
"Tyler, the Creator",https://i.scdn.co/image/ab6761610000e5ebdfa2b0c7544a772042a12e52,"Trashwang (feat. Na-Kel Smith, Jasper Dolphin, Lucas, L-Boy, Taco, Left Brain & Lee Spielman)",2qvONo0PEZvXTS4jZscKwU,Wolf + Instrumentals,4jEKedq9rWPV9OXuMkrZCa,https://i.scdn.co/image/ab67616d0000b273ecdf37c0fb7d35f589e2fb4d,"['hip hop', 'rap']",2013-04-01,32,True,0.46,0.601,1,-7.716,0,0.333,0.0072,0.0,0.235,0.107,64.718,4,"['Tyler, The Creator', 'Na-Kel Smith', 'Jasper Dolphin', 'Lucas.', 'L-Boy', 'Taco', 'Left Brain', 'Lee Spielman']",track,282573,2013,04,Monday
"Tyler, the Creator",https://i.scdn.co/image/ab6761610000e5ebdfa2b0c7544a772042a12e52,Treehome95 (feat. Coco O. & Erykah Badu),0dI5myaaNzX0KKcE1I2pNV,Wolf + Instrumentals,4jEKedq9rWPV9OXuMkrZCa,https://i.scdn.co/image/ab67616d0000b273ecdf37c0fb7d35f589e2fb4d,"['hip hop', 'rap']",2013-04-01,36,True,0.722,0.535,11,-9.157,1,0.335,0.24,0.00447,0.287,0.447,81.962,4,"['Tyler, The Creator', 'Coco O.', 'Erykah Badu']",track,180238,2013,04,Monday
"Tyler, the Creator",https://i.scdn.co/image/ab6761610000e5ebdfa2b0c7544a772042a12e52,Tamale,4fi95SJFCEipkjI7IMNF5N,Wolf + Instrumentals,4jEKedq9rWPV9OXuMkrZCa,https://i.scdn.co/image/ab67616d0000b273ecdf37c0fb7d35f589e2fb4d,"['hip hop', 'rap']",2013-04-01,42,True,0.741,0.923,11,-7.615,1,0.0919,0.0672,0.000597,0.262,0.971,129.999,4,"['Tyler, The Creator']",track,166372,2013,04,Monday
"Tyler, the Creator",https://i.scdn.co/image/ab6761610000e5ebdfa2b0c7544a772042a12e52,Lone,1v1uyptq1GJOODawkJrwOx,Wolf + Instrumentals,4jEKedq9rWPV9OXuMkrZCa,https://i.scdn.co/image/ab67616d0000b273ecdf37c0fb7d35f589e2fb4d,"['hip hop', 'rap']",2013-04-01,37,True,0.41,0.736,2,-8.901,1,0.182,0.456,0.0,0.821,0.596,78.643,4,"['Tyler, The Creator']",track,237119,2013,04,Monday
"Tyler, the Creator",https://i.scdn.co/image/ab6761610000e5ebdfa2b0c7544a772042a12e52,WOLF - Instrumental,22LjwEKshG0rIXnbwAefGQ,Wolf + Instrumentals,4jEKedq9rWPV9OXuMkrZCa,https://i.scdn.co/image/ab67616d0000b273ecdf37c0fb7d35f589e2fb4d,"['hip hop', 'rap']",2013-04-01,33,False,0.51,0.282,1,-16.077,0,0.0368,0.163,0.857,0.0722,0.154,139.672,3,"['Tyler, The Creator']",track,108826,2013,04,Monday
"Tyler, the Creator",https://i.scdn.co/image/ab6761610000e5ebdfa2b0c7544a772042a12e52,Jamba - Instrumental,0baPRr8t6ugIBZIS66w8uc,Wolf + Instrumentals,4jEKedq9rWPV9OXuMkrZCa,https://i.scdn.co/image/ab67616d0000b273ecdf37c0fb7d35f589e2fb4d,"['hip hop', 'rap']",2013-04-01,30,False,0.839,0.443,8,-7.034,1,0.438,0.00653,0.935,0.0995,0.284,80.06,4,"['Tyler, The Creator']",track,200613,2013,04,Monday
"Tyler, the Creator",https://i.scdn.co/image/ab6761610000e5ebdfa2b0c7544a772042a12e52,Cowboy - Instrumental,4UOeofGICE10ZWlS6UkLNE,Wolf + Instrumentals,4jEKedq9rWPV9OXuMkrZCa,https://i.scdn.co/image/ab67616d0000b273ecdf37c0fb7d35f589e2fb4d,"['hip hop', 'rap']",2013-04-01,30,False,0.847,0.563,1,-8.914,1,0.0489,0.00268,0.845,0.103,0.84,159.941,4,"['Tyler, The Creator']",track,196186,2013,04,Monday
"Tyler, the Creator",https://i.scdn.co/image/ab6761610000e5ebdfa2b0c7544a772042a12e52,Awkward - Instrumental,6ex85awyyNSg99oF6KEcVT,Wolf + Instrumentals,4jEKedq9rWPV9OXuMkrZCa,https://i.scdn.co/image/ab67616d0000b273ecdf37c0fb7d35f589e2fb4d,"['hip hop', 'rap']",2013-04-01,31,False,0.559,0.797,8,-7.177,1,0.0708,0.55,0.819,0.0836,0.503,154.24,4,"['Tyler, The Creator']",track,253466,2013,04,Monday
"Tyler, the Creator",https://i.scdn.co/image/ab6761610000e5ebdfa2b0c7544a772042a12e52,Domo23 - Instrumental,5jEZhuoyYx0voV0DJuPVJL,Wolf + Instrumentals,4jEKedq9rWPV9OXuMkrZCa,https://i.scdn.co/image/ab67616d0000b273ecdf37c0fb7d35f589e2fb4d,"['hip hop', 'rap']",2013-04-01,28,False,0.749,0.329,8,-10.346,0,0.475,0.0115,1.65e-05,0.058,0.18,133.034,4,"['Tyler, The Creator']",track,159493,2013,04,Monday
"Tyler, the Creator",https://i.scdn.co/image/ab6761610000e5ebdfa2b0c7544a772042a12e52,Answer - Instrumental,2XXRfOIeQ9oIkSAqgW0kNr,Wolf + Instrumentals,4jEKedq9rWPV9OXuMkrZCa,https://i.scdn.co/image/ab67616d0000b273ecdf37c0fb7d35f589e2fb4d,"['hip hop', 'rap']",2013-04-01,48,False,0.309,0.631,8,-7.565,0,0.0312,0.000202,0.0373,0.076,0.418,145.583,4,"['Tyler, The Creator']",track,234306,2013,04,Monday
"Tyler, the Creator",https://i.scdn.co/image/ab6761610000e5ebdfa2b0c7544a772042a12e52,Slater - Instrumental,2blrvpb2ueHltASqIVsW0g,Wolf + Instrumentals,4jEKedq9rWPV9OXuMkrZCa,https://i.scdn.co/image/ab67616d0000b273ecdf37c0fb7d35f589e2fb4d,"['hip hop', 'rap']",2013-04-01,28,False,0.688,0.545,1,-5.558,0,0.0589,0.0395,0.616,0.0929,0.387,155.094,4,"['Tyler, The Creator']",track,234426,2013,04,Monday
"Tyler, the Creator",https://i.scdn.co/image/ab6761610000e5ebdfa2b0c7544a772042a12e52,48 - Instrumental,31bO3sXBncrrSl5stbzGKN,Wolf + Instrumentals,4jEKedq9rWPV9OXuMkrZCa,https://i.scdn.co/image/ab67616d0000b273ecdf37c0fb7d35f589e2fb4d,"['hip hop', 'rap']",2013-04-01,30,False,0.714,0.888,11,-5.639,1,0.0689,0.00341,0.808,0.0692,0.35,119.829,4,"['Tyler, The Creator']",track,240720,2013,04,Monday
"Tyler, the Creator",https://i.scdn.co/image/ab6761610000e5ebdfa2b0c7544a772042a12e52,Colossus - Instrumental,6cm6JrItYA13xIiSSianOy,Wolf + Instrumentals,4jEKedq9rWPV9OXuMkrZCa,https://i.scdn.co/image/ab67616d0000b273ecdf37c0fb7d35f589e2fb4d,"['hip hop', 'rap']",2013-04-01,29,False,0.393,0.445,2,-10.558,1,0.195,0.109,0.854,0.0906,0.0629,179.039,4,"['Tyler, The Creator']",track,219506,2013,04,Monday
"Tyler, the Creator",https://i.scdn.co/image/ab6761610000e5ebdfa2b0c7544a772042a12e52,PartyIsntOver - Instrumental,2b3Px7nCuLEWcyndcT3us4,Wolf + Instrumentals,4jEKedq9rWPV9OXuMkrZCa,https://i.scdn.co/image/ab67616d0000b273ecdf37c0fb7d35f589e2fb4d,"['hip hop', 'rap']",2013-04-01,31,False,0.686,0.642,0,-8.777,0,0.0433,0.00288,0.871,0.159,0.85,154.007,4,"['Tyler, The Creator']",track,128386,2013,04,Monday
"Tyler, the Creator",https://i.scdn.co/image/ab6761610000e5ebdfa2b0c7544a772042a12e52,Campfire - Instrumental,66cdtHTWQgMNwkd0lyJzQf,Wolf + Instrumentals,4jEKedq9rWPV9OXuMkrZCa,https://i.scdn.co/image/ab67616d0000b273ecdf37c0fb7d35f589e2fb4d,"['hip hop', 'rap']",2013-04-01,30,False,0.701,0.202,11,-8.903,0,0.0591,0.777,0.398,0.169,0.311,147.985,4,"['Tyler, The Creator']",track,148293,2013,04,Monday
"Tyler, the Creator",https://i.scdn.co/image/ab6761610000e5ebdfa2b0c7544a772042a12e52,Bimmer - Instrumental,35wS3SmZ8gD2ty6x3Wbq3r,Wolf + Instrumentals,4jEKedq9rWPV9OXuMkrZCa,https://i.scdn.co/image/ab67616d0000b273ecdf37c0fb7d35f589e2fb4d,"['hip hop', 'rap']",2013-04-01,33,False,0.854,0.739,11,-8.051,1,0.254,0.019,0.886,0.13,0.34,151.964,4,"['Tyler, The Creator']",track,146040,2013,04,Monday
"Tyler, the Creator",https://i.scdn.co/image/ab6761610000e5ebdfa2b0c7544a772042a12e52,IFHY - Instrumental,5NEK7gk7mmZzULvAJ4XFlA,Wolf + Instrumentals,4jEKedq9rWPV9OXuMkrZCa,https://i.scdn.co/image/ab67616d0000b273ecdf37c0fb7d35f589e2fb4d,"['hip hop', 'rap']",2013-04-01,35,False,0.316,0.456,8,-6.178,1,0.0675,0.16,0.854,0.0828,0.0383,79.452,4,"['Tyler, The Creator']",track,318937,2013,04,Monday
"Tyler, the Creator",https://i.scdn.co/image/ab6761610000e5ebdfa2b0c7544a772042a12e52,Pigs - Instrumental,6W6ZtovTUzjVGw0EmxfKt2,Wolf + Instrumentals,4jEKedq9rWPV9OXuMkrZCa,https://i.scdn.co/image/ab67616d0000b273ecdf37c0fb7d35f589e2fb4d,"['hip hop', 'rap']",2013-04-01,27,False,0.611,0.599,1,-6.99,1,0.0398,0.00888,0.788,0.0698,0.382,77.027,4,"['Tyler, The Creator']",track,256400,2013,04,Monday
"Tyler, the Creator",https://i.scdn.co/image/ab6761610000e5ebdfa2b0c7544a772042a12e52,Parking Lot - Instrumental,6UJ0uSZsAsT2sm4929OVEJ,Wolf + Instrumentals,4jEKedq9rWPV9OXuMkrZCa,https://i.scdn.co/image/ab67616d0000b273ecdf37c0fb7d35f589e2fb4d,"['hip hop', 'rap']",2013-04-01,27,False,0.656,0.46,2,-10.754,1,0.0577,0.139,0.617,0.0797,0.191,80.026,4,"['Tyler, The Creator']",track,216346,2013,04,Monday
"Tyler, the Creator",https://i.scdn.co/image/ab6761610000e5ebdfa2b0c7544a772042a12e52,Rusty - Instrumental,0HsEpiL0kzbiP7w6gehTuG,Wolf + Instrumentals,4jEKedq9rWPV9OXuMkrZCa,https://i.scdn.co/image/ab67616d0000b273ecdf37c0fb7d35f589e2fb4d,"['hip hop', 'rap']",2013-04-01,28,False,0.667,0.599,11,-5.631,1,0.0319,0.00286,0.636,0.147,0.229,81.993,4,"['Tyler, The Creator']",track,308768,2013,04,Monday
"Tyler, the Creator",https://i.scdn.co/image/ab6761610000e5ebdfa2b0c7544a772042a12e52,Trashwang - Instrumental,2AoAiGanDanUdBQ4RvwYSX,Wolf + Instrumentals,4jEKedq9rWPV9OXuMkrZCa,https://i.scdn.co/image/ab67616d0000b273ecdf37c0fb7d35f589e2fb4d,"['hip hop', 'rap']",2013-04-01,26,False,0.622,0.407,11,-10.362,1,0.045,0.000421,0.815,0.437,0.04,67.007,4,"['Tyler, The Creator']",track,284200,2013,04,Monday
"Tyler, the Creator",https://i.scdn.co/image/ab6761610000e5ebdfa2b0c7544a772042a12e52,Treehome95 - Instrumental,53GpcuUGjcYVSVQVBg4Tys,Wolf + Instrumentals,4jEKedq9rWPV9OXuMkrZCa,https://i.scdn.co/image/ab67616d0000b273ecdf37c0fb7d35f589e2fb4d,"['hip hop', 'rap']",2013-04-01,29,False,0.762,0.576,8,-9.258,0,0.129,0.136,0.489,0.337,0.38,81.963,4,"['Tyler, The Creator']",track,182853,2013,04,Monday
"Tyler, the Creator",https://i.scdn.co/image/ab6761610000e5ebdfa2b0c7544a772042a12e52,Tamale - Instrumental,72OgjLqn9qG0A9XkfGwGrt,Wolf + Instrumentals,4jEKedq9rWPV9OXuMkrZCa,https://i.scdn.co/image/ab67616d0000b273ecdf37c0fb7d35f589e2fb4d,"['hip hop', 'rap']",2013-04-01,28,False,0.789,0.998,11,-7.684,0,0.0752,0.061,0.8,0.384,0.622,130.005,4,"['Tyler, The Creator']",track,157133,2013,04,Monday
"Tyler, the Creator",https://i.scdn.co/image/ab6761610000e5ebdfa2b0c7544a772042a12e52,Lone - Instrumental,7i6RKww9Z0sdTbEHFI95WT,Wolf + Instrumentals,4jEKedq9rWPV9OXuMkrZCa,https://i.scdn.co/image/ab67616d0000b273ecdf37c0fb7d35f589e2fb4d,"['hip hop', 'rap']",2013-04-01,42,False,0.399,0.769,0,-5.073,1,0.039,0.369,0.491,0.154,0.404,78.702,1,"['Tyler, The Creator']",track,248453,2013,04,Monday
"Tyler, the Creator",https://i.scdn.co/image/ab6761610000e5ebdfa2b0c7544a772042a12e52,WOLF,2JZpS2sOdJy37oBpn1GuPW,Wolf,40QTqOBBxCEIQlLNdSjFQB,https://i.scdn.co/image/ab67616d0000b27322007a4aa8a55fe7b1de5632,"['hip hop', 'rap']",2013-04-01,58,True,0.426,0.303,1,-11.52,0,0.0787,0.316,0.00795,0.411,0.383,139.042,4,"['Tyler, The Creator']",track,109893,2013,04,Monday
"Tyler, the Creator",https://i.scdn.co/image/ab6761610000e5ebdfa2b0c7544a772042a12e52,Jamba (feat. Hodgy),3Z5pXxCb0O6L53vejFHhqQ,Wolf,40QTqOBBxCEIQlLNdSjFQB,https://i.scdn.co/image/ab67616d0000b27322007a4aa8a55fe7b1de5632,"['hip hop', 'rap']",2013-04-01,57,True,0.722,0.488,8,-7.547,1,0.398,0.0404,3.45e-06,0.322,0.661,80.093,4,"['Tyler, The Creator', 'Hodgy']",track,212493,2013,04,Monday
"Tyler, the Creator",https://i.scdn.co/image/ab6761610000e5ebdfa2b0c7544a772042a12e52,Cowboy,2hjjUjikOa29kImnI5kQPw,Wolf,40QTqOBBxCEIQlLNdSjFQB,https://i.scdn.co/image/ab67616d0000b27322007a4aa8a55fe7b1de5632,"['hip hop', 'rap']",2013-04-01,60,True,0.499,0.662,1,-8.514,1,0.382,0.06,0.0,0.428,0.65,160.008,4,"['Tyler, The Creator']",track,195320,2013,04,Monday
"Tyler, the Creator",https://i.scdn.co/image/ab6761610000e5ebdfa2b0c7544a772042a12e52,Awkward,6c7l5gpEyCNGr86jsWneGy,Wolf,40QTqOBBxCEIQlLNdSjFQB,https://i.scdn.co/image/ab67616d0000b27322007a4aa8a55fe7b1de5632,"['hip hop', 'rap']",2013-04-01,57,True,0.472,0.777,8,-8.666,1,0.294,0.225,0.0283,0.195,0.673,153.78,4,"['Tyler, The Creator']",track,227466,2013,04,Monday
"Tyler, the Creator",https://i.scdn.co/image/ab6761610000e5ebdfa2b0c7544a772042a12e52,Domo23,75kiQfmmuQwgquZ9RLSvuA,Wolf,40QTqOBBxCEIQlLNdSjFQB,https://i.scdn.co/image/ab67616d0000b27322007a4aa8a55fe7b1de5632,"['hip hop', 'rap']",2013-04-01,56,True,0.727,0.565,1,-5.564,0,0.356,0.167,0.0,0.262,0.597,133.094,4,"['Tyler, The Creator']",track,158760,2013,04,Monday
"Tyler, the Creator",https://i.scdn.co/image/ab6761610000e5ebdfa2b0c7544a772042a12e52,Answer,6rqj2zeKhLy3exkuFi6mSz,Wolf,40QTqOBBxCEIQlLNdSjFQB,https://i.scdn.co/image/ab67616d0000b27322007a4aa8a55fe7b1de5632,"['hip hop', 'rap']",2013-04-01,72,True,0.352,0.838,8,-6.465,0,0.0496,0.00329,5.74e-06,0.115,0.475,72.291,4,"['Tyler, The Creator']",track,230066,2013,04,Monday
"Tyler, the Creator",https://i.scdn.co/image/ab6761610000e5ebdfa2b0c7544a772042a12e52,Slater (feat. Frank Ocean),5wTpnBRTx1HSGQVDZQ2VSh,Wolf,40QTqOBBxCEIQlLNdSjFQB,https://i.scdn.co/image/ab67616d0000b27322007a4aa8a55fe7b1de5632,"['hip hop', 'rap']",2013-04-01,57,True,0.575,0.624,1,-6.876,0,0.103,0.013,4.74e-05,0.0522,0.273,154.687,4,"['Tyler, The Creator', 'Frank Ocean']",track,233853,2013,04,Monday
"Tyler, the Creator",https://i.scdn.co/image/ab6761610000e5ebdfa2b0c7544a772042a12e52,48,2wK7y55bzry7tUDmDqYaz7,Wolf,40QTqOBBxCEIQlLNdSjFQB,https://i.scdn.co/image/ab67616d0000b27322007a4aa8a55fe7b1de5632,"['hip hop', 'rap']",2013-04-01,59,True,0.558,0.887,1,-8.083,1,0.265,0.132,0.0,0.89,0.537,119.91,4,"['Tyler, The Creator']",track,247293,2013,04,Monday
"Tyler, the Creator",https://i.scdn.co/image/ab6761610000e5ebdfa2b0c7544a772042a12e52,Colossus,5AnVuHLmgipXkFmBvj2Q6H,Wolf,40QTqOBBxCEIQlLNdSjFQB,https://i.scdn.co/image/ab67616d0000b27322007a4aa8a55fe7b1de5632,"['hip hop', 'rap']",2013-04-01,63,True,0.442,0.6,2,-9.087,1,0.357,0.267,0.0,0.31,0.725,82.462,1,"['Tyler, The Creator']",track,213320,2013,04,Monday
"Tyler, the Creator",https://i.scdn.co/image/ab6761610000e5ebdfa2b0c7544a772042a12e52,PartyIsntOver/Campfire/Bimmer (feat. Frank Ocean & Laetitia Sadier),04QTBqa3IA4ZAKEuqRPzEH,Wolf,40QTqOBBxCEIQlLNdSjFQB,https://i.scdn.co/image/ab67616d0000b27322007a4aa8a55fe7b1de5632,"['hip hop', 'rap']",2013-04-01,60,True,0.443,0.576,1,-8.695,0,0.201,0.0709,0.0197,0.41,0.127,151.835,4,"['Tyler, The Creator', 'Frank Ocean', 'Laetitia Sadier']",track,438493,2013,04,Monday
"Tyler, the Creator",https://i.scdn.co/image/ab6761610000e5ebdfa2b0c7544a772042a12e52,IFHY (feat. Pharrell),0NjW4SKY3gbfl2orl1p8hr,Wolf,40QTqOBBxCEIQlLNdSjFQB,https://i.scdn.co/image/ab67616d0000b27322007a4aa8a55fe7b1de5632,"['hip hop', 'rap']",2013-04-01,71,True,0.358,0.715,7,-6.181,1,0.331,0.197,0.0,0.581,0.275,85.478,4,"['Tyler, The Creator', 'Pharrell Williams']",track,319253,2013,04,Monday
"Tyler, the Creator",https://i.scdn.co/image/ab6761610000e5ebdfa2b0c7544a772042a12e52,Pigs,5L4n81Ecf8UE837uJkuoJJ,Wolf,40QTqOBBxCEIQlLNdSjFQB,https://i.scdn.co/image/ab67616d0000b27322007a4aa8a55fe7b1de5632,"['hip hop', 'rap']",2013-04-01,52,True,0.406,0.734,1,-6.983,0,0.246,0.0275,0.000978,0.0768,0.488,80.208,4,"['Tyler, The Creator']",track,254733,2013,04,Monday
"Tyler, the Creator",https://i.scdn.co/image/ab6761610000e5ebdfa2b0c7544a772042a12e52,Parking Lot (feat. Casey Veggies & Mike G),1UBLglX9fPtTBZSwJj4yVG,Wolf,40QTqOBBxCEIQlLNdSjFQB,https://i.scdn.co/image/ab67616d0000b27322007a4aa8a55fe7b1de5632,"['hip hop', 'rap']",2013-04-01,51,True,0.548,0.511,11,-10.424,1,0.274,0.0979,0.0,0.661,0.483,80.747,4,"['Tyler, The Creator', 'Casey Veggies', 'Mike G']",track,233906,2013,04,Monday
"Tyler, the Creator",https://i.scdn.co/image/ab6761610000e5ebdfa2b0c7544a772042a12e52,Rusty (feat. Domo Genesis & Earl Sweatshirt),4oQkcfukOHfKsmeoeXQLWC,Wolf,40QTqOBBxCEIQlLNdSjFQB,https://i.scdn.co/image/ab67616d0000b27322007a4aa8a55fe7b1de5632,"['hip hop', 'rap']",2013-04-01,57,True,0.503,0.677,11,-5.647,1,0.248,0.00529,0.00024,0.396,0.364,81.28,4,"['Tyler, The Creator', 'Domo Genesis', 'Earl Sweatshirt']",track,309693,2013,04,Monday
"Tyler, the Creator",https://i.scdn.co/image/ab6761610000e5ebdfa2b0c7544a772042a12e52,"Trashwang (feat. Na-Kel Smith, Jasper Dolphin, Lucas, L-Boy, Taco, Left Brain & Lee Spielman)",2OaPyH3JLuft6iuNFHFJl0,Wolf,40QTqOBBxCEIQlLNdSjFQB,https://i.scdn.co/image/ab67616d0000b27322007a4aa8a55fe7b1de5632,"['hip hop', 'rap']",2013-04-01,51,True,0.48,0.609,1,-7.251,0,0.299,0.00807,0.0,0.257,0.149,64.604,4,"['Tyler, The Creator', 'Na-Kel Smith', 'Jasper Dolphin', 'Lucas.', 'L-Boy', 'Taco', 'Left Brain', 'Lee Spielman']",track,282560,2013,04,Monday
"Tyler, the Creator",https://i.scdn.co/image/ab6761610000e5ebdfa2b0c7544a772042a12e52,Treehome95 (feat. Coco O. & Erykah Badu),2vLwhcsvRd1f2ETft1kWDN,Wolf,40QTqOBBxCEIQlLNdSjFQB,https://i.scdn.co/image/ab67616d0000b27322007a4aa8a55fe7b1de5632,"['hip hop', 'rap']",2013-04-01,59,True,0.721,0.539,11,-8.726,1,0.362,0.217,0.00257,0.419,0.377,81.971,4,"['Tyler, The Creator', 'Coco O.', 'Erykah Badu']",track,180213,2013,04,Monday
"Tyler, the Creator",https://i.scdn.co/image/ab6761610000e5ebdfa2b0c7544a772042a12e52,Tamale,60b6B2ULC85t4Y5IjZvP7A,Wolf,40QTqOBBxCEIQlLNdSjFQB,https://i.scdn.co/image/ab67616d0000b27322007a4aa8a55fe7b1de5632,"['hip hop', 'rap']",2013-04-01,63,True,0.742,0.93,11,-7.207,1,0.0977,0.0557,0.000242,0.272,0.967,129.986,4,"['Tyler, The Creator']",track,166346,2013,04,Monday
"Tyler, the Creator",https://i.scdn.co/image/ab6761610000e5ebdfa2b0c7544a772042a12e52,Lone,6oVFpdtDzSgRLv8rUgFVUW,Wolf,40QTqOBBxCEIQlLNdSjFQB,https://i.scdn.co/image/ab67616d0000b27322007a4aa8a55fe7b1de5632,"['hip hop', 'rap']",2013-04-01,56,True,0.362,0.761,2,-8.509,0,0.241,0.442,0.0,0.741,0.586,80.355,4,"['Tyler, The Creator']",track,237106,2013,04,Monday
"Tyler, the Creator",https://i.scdn.co/image/ab6761610000e5ebdfa2b0c7544a772042a12e52,Goblin,5LJD1sBRPnDkhWs2D5qRk2,Goblin,5dbCm8qaCdWnNdVyi3urUO,https://i.scdn.co/image/ab67616d0000b27328ae9a159d24cb0ab2552712,"['hip hop', 'rap']",2011-05-09,50,True,0.456,0.529,5,-12.651,0,0.828,0.534,0.0,0.219,0.444,78.235,4,"['Tyler, The Creator']",track,408520,2011,05,Monday
"Tyler, the Creator",https://i.scdn.co/image/ab6761610000e5ebdfa2b0c7544a772042a12e52,Yonkers,1nwkSqzTyXBk6XF796EOav,Goblin,5dbCm8qaCdWnNdVyi3urUO,https://i.scdn.co/image/ab67616d0000b27328ae9a159d24cb0ab2552712,"['hip hop', 'rap']",2011-05-09,61,True,0.712,0.759,11,-5.397,1,0.334,0.0161,0.0808,0.217,0.738,79.102,4,"['Tyler, The Creator']",track,249333,2011,05,Monday
"Tyler, the Creator",https://i.scdn.co/image/ab6761610000e5ebdfa2b0c7544a772042a12e52,Radicals,5a2vYvmIWmtA8KcUTthpRk,Goblin,5dbCm8qaCdWnNdVyi3urUO,https://i.scdn.co/image/ab67616d0000b27328ae9a159d24cb0ab2552712,"['hip hop', 'rap']",2011-05-09,49,True,0.562,0.68,1,-8.015,1,0.498,0.154,0.0955,0.269,0.224,74.06,4,"['Tyler, The Creator']",track,438333,2011,05,Monday
"Tyler, the Creator",https://i.scdn.co/image/ab6761610000e5ebdfa2b0c7544a772042a12e52,She,0SA0mMXWh23raZ6xzOCU2V,Goblin,5dbCm8qaCdWnNdVyi3urUO,https://i.scdn.co/image/ab67616d0000b27328ae9a159d24cb0ab2552712,"['hip hop', 'rap']",2011-05-09,75,True,0.35,0.621,8,-6.495,0,0.233,0.256,3.44e-05,0.613,0.459,83.375,4,"['Tyler, The Creator', 'Frank Ocean']",track,253386,2011,05,Monday
"Tyler, the Creator",https://i.scdn.co/image/ab6761610000e5ebdfa2b0c7544a772042a12e52,Transylvania,49OZTN2N6XxCectfbA9Gf9,Goblin,5dbCm8qaCdWnNdVyi3urUO,https://i.scdn.co/image/ab67616d0000b27328ae9a159d24cb0ab2552712,"['hip hop', 'rap']",2011-05-09,47,True,0.572,0.638,7,-11.868,1,0.424,0.0115,0.0104,0.201,0.197,122.448,4,"['Tyler, The Creator']",track,192200,2011,05,Monday
"Tyler, the Creator",https://i.scdn.co/image/ab6761610000e5ebdfa2b0c7544a772042a12e52,Nightmare,4R6U0vcRkTkVW1L0VC3cOm,Goblin,5dbCm8qaCdWnNdVyi3urUO,https://i.scdn.co/image/ab67616d0000b27328ae9a159d24cb0ab2552712,"['hip hop', 'rap']",2011-05-09,48,True,0.647,0.627,7,-10.555,0,0.458,0.0143,0.0,0.14,0.636,87.804,4,"['Tyler, The Creator']",track,322000,2011,05,Monday
"Tyler, the Creator",https://i.scdn.co/image/ab6761610000e5ebdfa2b0c7544a772042a12e52,Tron Cat,3o3K5bwHFP36MqOLa0WSw3,Goblin,5dbCm8qaCdWnNdVyi3urUO,https://i.scdn.co/image/ab67616d0000b27328ae9a159d24cb0ab2552712,"['hip hop', 'rap']",2011-05-09,53,True,0.632,0.634,8,-8.415,1,0.274,0.0302,0.0,0.153,0.39,81.0,4,"['Tyler, The Creator']",track,253746,2011,05,Monday
"Tyler, the Creator",https://i.scdn.co/image/ab6761610000e5ebdfa2b0c7544a772042a12e52,Her,0XDfOOlscDrr50Q0PERrVd,Goblin,5dbCm8qaCdWnNdVyi3urUO,https://i.scdn.co/image/ab67616d0000b27328ae9a159d24cb0ab2552712,"['hip hop', 'rap']",2011-05-09,51,True,0.802,0.369,1,-13.218,0,0.432,0.00385,0.000101,0.114,0.494,145.834,4,"['Tyler, The Creator']",track,211106,2011,05,Monday
"Tyler, the Creator",https://i.scdn.co/image/ab6761610000e5ebdfa2b0c7544a772042a12e52,Sandwitches,48dxLly3L9QERpreYM7MKv,Goblin,5dbCm8qaCdWnNdVyi3urUO,https://i.scdn.co/image/ab67616d0000b27328ae9a159d24cb0ab2552712,"['hip hop', 'rap']",2011-05-09,45,True,0.576,0.587,4,-9.763,1,0.222,0.0676,2.21e-06,0.204,0.373,152.468,4,"['Tyler, The Creator', 'Hodgy']",track,291226,2011,05,Monday
"Tyler, the Creator",https://i.scdn.co/image/ab6761610000e5ebdfa2b0c7544a772042a12e52,Fish,6VkmMpgrvypnV9dTLwaDdW,Goblin,5dbCm8qaCdWnNdVyi3urUO,https://i.scdn.co/image/ab67616d0000b27328ae9a159d24cb0ab2552712,"['hip hop', 'rap']",2011-05-09,46,True,0.694,0.505,8,-12.436,1,0.331,0.319,0.0,0.0809,0.212,119.271,4,"['Tyler, The Creator']",track,379626,2011,05,Monday
"Tyler, the Creator",https://i.scdn.co/image/ab6761610000e5ebdfa2b0c7544a772042a12e52,Analog,3xFXkeyBtnysOlrQwYan5z,Goblin,5dbCm8qaCdWnNdVyi3urUO,https://i.scdn.co/image/ab67616d0000b27328ae9a159d24cb0ab2552712,"['hip hop', 'rap']",2011-05-09,50,True,0.364,0.699,0,-9.473,0,0.29,0.00444,0.00093,0.772,0.427,87.083,5,"['Tyler, The Creator', 'Hodgy']",track,174400,2011,05,Monday
"Tyler, the Creator",https://i.scdn.co/image/ab6761610000e5ebdfa2b0c7544a772042a12e52,B.S.D.,6XOvMjNjLdTsolZGAy5w4s,Goblin,5dbCm8qaCdWnNdVyi3urUO,https://i.scdn.co/image/ab67616d0000b27328ae9a159d24cb0ab2552712,"['hip hop', 'rap']",2011-05-09,42,True,0.627,0.47,1,-9.806,0,0.254,0.0116,0.0,0.294,0.271,67.015,4,"['Tyler, The Creator', 'Jasper Dolphin', 'Taco']",track,216160,2011,05,Monday
"Tyler, the Creator",https://i.scdn.co/image/ab6761610000e5ebdfa2b0c7544a772042a12e52,Window,0hHDsP3aHpnOq4uvCdiCdC,Goblin,5dbCm8qaCdWnNdVyi3urUO,https://i.scdn.co/image/ab67616d0000b27328ae9a159d24cb0ab2552712,"['hip hop', 'rap']",2011-05-09,48,True,0.505,0.508,7,-11.191,1,0.449,0.11,0.0,0.283,0.206,132.304,4,"['Tyler, The Creator', 'Domo Genesis', 'Frank Ocean', 'Hodgy', 'Mike G']",track,480293,2011,05,Monday
"Tyler, the Creator",https://i.scdn.co/image/ab6761610000e5ebdfa2b0c7544a772042a12e52,AU79,7nfjw4GlYu6kGVkf19yzFe,Goblin,5dbCm8qaCdWnNdVyi3urUO,https://i.scdn.co/image/ab67616d0000b27328ae9a159d24cb0ab2552712,"['hip hop', 'rap']",2011-05-09,41,True,0.499,0.344,6,-14.841,1,0.0495,0.0748,0.717,0.133,0.52,159.965,4,"['Tyler, The Creator']",track,220253,2011,05,Monday
"Tyler, the Creator",https://i.scdn.co/image/ab6761610000e5ebdfa2b0c7544a772042a12e52,Golden,0150LSsZrpksYFj3nbynwj,Goblin,5dbCm8qaCdWnNdVyi3urUO,https://i.scdn.co/image/ab67616d0000b27328ae9a159d24cb0ab2552712,"['hip hop', 'rap']",2011-05-09,43,True,0.46,0.76,0,-6.734,1,0.364,0.442,0.00114,0.243,0.438,133.576,4,"['Tyler, The Creator']",track,343280,2011,05,Monday
"Tyler, the Creator",https://i.scdn.co/image/ab6761610000e5ebdfa2b0c7544a772042a12e52,Burger,5zjMSaWC8t8XEedXBAiFUr,Goblin,5dbCm8qaCdWnNdVyi3urUO,https://i.scdn.co/image/ab67616d0000b27328ae9a159d24cb0ab2552712,"['hip hop', 'rap']",2011-05-09,43,True,0.709,0.563,8,-10.119,1,0.357,0.178,0.0,0.132,0.324,73.011,4,"['Tyler, The Creator', 'Hodgy']",track,229640,2011,05,Monday
"Tyler, the Creator",https://i.scdn.co/image/ab6761610000e5ebdfa2b0c7544a772042a12e52,Untitled 63,5QVzpGhv1GGMeKOUvtzO0A,Goblin,5dbCm8qaCdWnNdVyi3urUO,https://i.scdn.co/image/ab67616d0000b27328ae9a159d24cb0ab2552712,"['hip hop', 'rap']",2011-05-09,42,True,0.582,0.509,10,-12.415,0,0.0367,0.111,0.947,0.0928,0.142,78.0,4,"['Tyler, The Creator']",track,66933,2011,05,Monday
"Tyler, the Creator",https://i.scdn.co/image/ab6761610000e5ebdfa2b0c7544a772042a12e52,Steak Sauce,2WBHjwYSh04TLOwxgtny1O,Goblin,5dbCm8qaCdWnNdVyi3urUO,https://i.scdn.co/image/ab67616d0000b27328ae9a159d24cb0ab2552712,"['hip hop', 'rap']",2011-05-09,41,True,0.663,0.636,6,-9.768,0,0.355,0.0526,0.0,0.272,0.28,95.898,4,"['Tyler, The Creator']",track,202106,2011,05,Monday
